Mielec,516,Saturday,1970-01-02 21:40:56.000519,82.44166666666666
Konin,620,Wednesday,1970-01-02 09:19:51.001225,33.08277777777778
Szczecin,360,Wednesday,1970-01-02 06:41:12.001076,36.245
Police,516,Sunday,1970-01-02 11:13:12.000103,31.461666666666666
Warszawa,516,Tuesday,1970-01-02 14:49:11.001549,17.43138888888889
Gdynia,360,Friday,1970-01-02 21:58:14.002533,58.66833333333334
Szczecin,620,Wednesday,1970-01-02 00:14:28.999994,17.799444444444443
Gdynia,360,Friday,1970-01-02 08:19:08.999977,71.8575
Gdynia,620,Sunday,1970-01-02 05:12:48.000555,33.227777777777774
Radom,620,Sunday,1970-01-02 07:42:23.001080,48.45444444444445
Mielec,516,Thursday,1970-01-02 12:51:00.998726,96.94611111111111
Gdynia,620,Monday,1970-01-02 01:21:44.000115,36.905833333333334
Szczecin,516,Tuesday,1970-01-02 02:22:44.999771,29.99111111111111
Warszawa,620,Thursday,1970-01-02 06:49:08.000908,34.83861111111111
Radom,620,Saturday,1970-01-02 05:41:12.999716,50.36222222222222
Police,620,Tuesday,1970-01-02 13:45:06.001282,22.526666666666667
Mielec,516,Saturday,1970-01-02 10:02:36.000710,70.55611111111111
Warszawa,516,Monday,1970-01-02 13:40:18.001556,42.625
Konin,516,Saturday,1970-01-02 01:50:29.999685,55.05027777777778
Konin,360,Tuesday,1970-01-02 02:32:18.999796,53.56111111111111
Warszawa,516,Wednesday,1970-01-02 12:22:19.999008,43.720555555555556
Police,620,Tuesday,1970-01-02 21:51:16.000214,19.150277777777777
Kutno,360,Friday,1970-01-02 18:46:07.998505,62.03666666666667
Police,360,Saturday,1970-01-02 00:59:46.999977,55.344166666666666
Police,516,Wednesday,1970-01-02 16:29:10.999260,25.7725
Szczecin,620,Saturday,1970-01-02 05:00:34.000111,51.431666666666665
Szczecin,620,Sunday,1970-01-02 17:29:00.999985,15.113333333333333
Radom,516,Saturday,1970-01-02 04:27:37.999563,54.486666666666665
Radom,620,Friday,1970-01-02 08:55:25.001049,24.80527777777778
Kutno,360,Monday,1970-01-02 11:56:55.998745,44.910555555555554
Police,516,Saturday,1970-01-02 10:25:22.001266,52.76916666666666
Radom,516,Tuesday,1970-01-02 22:11:40.998116,15.837222222222222
Radom,516,Saturday,1970-01-02 11:07:31.000786,44.55861111111111
Mielec,360,Friday,1970-01-02 14:34:31.001816,66.21638888888889
Police,360,Saturday,1970-01-02 23:26:09.000435,33.13805555555555
Konin,516,Wednesday,1970-01-02 02:34:48.000154,53.742222222222225
Police,360,Friday,1970-01-02 23:25:10.997772,57.083888888888886
Radom,620,Saturday,1970-01-02 14:39:50.997505,42.0975
Warszawa,360,Sunday,1970-01-02 22:19:22.001610,34.25472222222222
Mielec,516,Friday,1970-01-02 11:33:32.000084,72.13861111111112
Gdynia,360,Wednesday,1970-01-02 09:33:03.000469,47.05833333333333
Mielec,620,Thursday,1970-01-02 02:00:36.000180,102.2375
Warszawa,620,Thursday,1970-01-02 11:56:34.001198,44.68666666666667
Gdynia,620,Monday,1970-01-02 07:47:50.999622,48.73638888888889
Kutno,620,Tuesday,1970-01-02 12:27:10.002022,44.54611111111111
Gdynia,620,Monday,1970-01-02 05:23:58.000059,51.15222222222222
Szczecin,620,Tuesday,1970-01-02 18:56:49.998322,37.20583333333333
Mielec,516,Monday,1970-01-02 10:01:38.000622,70.10111111111111
Szczecin,516,Monday,1970-01-02 04:29:29.000530,10.257777777777777
Police,516,Sunday,1970-01-02 02:02:37.000208,36.254444444444445
Radom,620,Friday,1970-01-02 11:34:51.001225,69.30611111111111
Konin,516,Wednesday,1970-01-02 00:38:15.000064,55.9075
Warszawa,360,Monday,1970-01-02 05:30:36.999464,31.393333333333334
Warszawa,360,Tuesday,1970-01-02 02:53:50.999708,34.29472222222222
Szczecin,360,Tuesday,1970-01-02 09:11:18.998852,26.18138888888889
Konin,620,Friday,1970-01-02 03:56:34.999409,78.87444444444445
Police,516,Saturday,1970-01-02 12:07:52.997475,44.30972222222222
Warszawa,360,Thursday,1970-01-02 09:22:43.000774,32.96527777777778
Police,620,Wednesday,1970-01-02 16:10:04.000854,40.72472222222222
Kutno,620,Sunday,1970-01-02 20:09:20.002327,36.12
Radom,620,Monday,1970-01-02 11:03:47.999783,45.38055555555555
Warszawa,360,Friday,1970-01-02 07:57:36.000996,26.619444444444444
Szczecin,516,Saturday,1970-01-02 09:35:02.999496,7.539444444444444
Mielec,516,Thursday,1970-01-02 13:46:06.002083,100.76944444444445
Gdynia,516,Sunday,1970-01-02 00:32:14.000051,35.57527777777778
Gdynia,516,Wednesday,1970-01-02 12:11:53.000679,27.57111111111111
Gdynia,360,Monday,1970-01-02 00:40:30.999970,55.85138888888889
Mielec,620,Tuesday,1970-01-02 16:46:52.999535,67.40416666666667
Mielec,620,Saturday,1970-01-02 00:20:24.999994,63.52305555555556
Gdynia,360,Wednesday,1970-01-02 17:24:13.999329,63.36527777777778
Szczecin,620,Friday,1970-01-02 17:14:54.999504,20.55611111111111
Konin,620,Sunday,1970-01-02 19:03:10.999031,61.19638888888889
Gdynia,516,Thursday,1970-01-02 03:21:42.999973,53.315
Police,360,Wednesday,1970-01-02 10:49:27.999458,46.08722222222222
Warszawa,620,Saturday,1970-01-02 07:56:27.999916,48.4025
Szczecin,516,Friday,1970-01-02 23:56:45.001259,9.719444444444445
Kutno,516,Thursday,1970-01-02 01:14:25.999997,34.29055555555556
Police,360,Monday,1970-01-02 14:38:47.999496,41.92305555555556
Konin,360,Tuesday,1970-01-02 08:46:51.999607,71.39333333333333
Konin,516,Monday,1970-01-02 06:08:15.000172,60.04361111111111
Police,620,Monday,1970-01-02 18:46:02.998009,37.81166666666667
Konin,360,Saturday,1970-01-02 09:17:17.000370,51.969722222222224
Gdynia,516,Monday,1970-01-02 10:31:17.000427,46.30722222222222
Konin,620,Wednesday,1970-01-02 07:14:50.998936,49.49055555555555
Szczecin,620,Saturday,1970-01-02 21:20:55.000877,42.21472222222222
Gdynia,516,Friday,1970-01-02 00:41:10.000041,80.0213888888889
Szczecin,360,Sunday,1970-01-02 19:16:48.999825,21.259444444444444
Warszawa,516,Sunday,1970-01-02 14:03:59.002419,18.675
Szczecin,516,Sunday,1970-01-02 06:59:28.000603,25.985277777777778
Mielec,620,Wednesday,1970-01-02 17:13:35.001869,111.57527777777777
Police,620,Sunday,1970-01-02 10:39:21.000538,21.871111111111112
Warszawa,360,Monday,1970-01-02 03:58:05.000610,52.134166666666665
Szczecin,516,Monday,1970-01-02 01:06:35.000017,17.54
Mielec,360,Thursday,1970-01-02 05:35:54.999590,100.3163888888889
Konin,516,Sunday,1970-01-02 22:11:05.000725,58.410555555555554
Gdynia,620,Sunday,1970-01-02 03:22:31.999426,52.708888888888886
Gdynia,360,Monday,1970-01-02 21:51:43.999901,58.341388888888886
Kutno,516,Wednesday,1970-01-02 12:55:10.997772,43.681666666666665
Police,360,Wednesday,1970-01-02 09:43:04.998894,46.89
Konin,516,Wednesday,1970-01-02 00:28:29.999979,56.29055555555556
Gdynia,620,Friday,1970-01-02 19:26:42.997971,60.93972222222222
Szczecin,620,Friday,1970-01-02 02:54:14.999900,29.13
Konin,620,Monday,1970-01-02 23:10:39.000893,56.93083333333333
Radom,516,Monday,1970-01-02 13:44:32.002029,18.48027777777778
Kutno,516,Monday,1970-01-02 03:46:35.999479,37.52
Police,620,Saturday,1970-01-02 22:07:14.998512,34.74388888888889
Szczecin,620,Friday,1970-01-02 21:13:24.997444,18.056944444444444
Police,360,Thursday,1970-01-02 00:14:48.999966,32.02444444444444
Police,516,Tuesday,1970-01-02 04:42:39.999418,27.49416666666667
Mielec,620,Friday,1970-01-02 12:05:52.001953,72.04944444444445
Warszawa,516,Saturday,1970-01-02 22:09:35.002098,34.520833333333336
Konin,620,Saturday,1970-01-02 12:22:35.999565,68.04166666666667
Radom,516,Wednesday,1970-01-02 23:08:58.002205,33.1825
Szczecin,360,Thursday,1970-01-02 07:47:33.000927,27.245277777777776
Mielec,620,Saturday,1970-01-02 09:02:27.998714,74.23611111111111
Warszawa,516,Friday,1970-01-02 14:22:45.998840,17.851944444444445
Radom,620,Sunday,1970-01-02 15:43:46.001930,40.38666666666666
Police,620,Monday,1970-01-02 00:31:51.999929,31.675833333333333
Police,360,Wednesday,1970-01-02 09:49:48.998795,31.190277777777776
Kutno,360,Thursday,1970-01-02 18:36:14.999428,86.0111111111111
Radom,360,Friday,1970-01-02 15:37:41.001778,64.56722222222223
Szczecin,620,Sunday,1970-01-02 21:05:17.997551,11.85138888888889
Konin,360,Sunday,1970-01-02 08:45:31.000328,55.390277777777776
Police,516,Tuesday,1970-01-02 04:31:43.999758,52.16833333333334
Radom,360,Sunday,1970-01-02 20:27:08.002167,40.31027777777778
Gdynia,360,Friday,1970-01-02 14:14:38.998947,68.20111111111112
Police,516,Thursday,1970-01-02 00:06:34.999990,32.20111111111111
Warszawa,516,Wednesday,1970-01-02 00:54:13.999972,16.703611111111112
Gdynia,516,Saturday,1970-01-02 06:52:11.999588,54.94083333333333
Police,516,Friday,1970-01-02 06:01:09.000149,26.97138888888889
Warszawa,516,Friday,1970-01-02 09:24:31.999741,23.280555555555555
Mielec,516,Sunday,1970-01-02 10:19:23.000679,76.99138888888889
Radom,620,Monday,1970-01-02 07:03:18.999310,49.721666666666664
Police,620,Tuesday,1970-01-02 02:52:42.000203,12.83361111111111
Police,360,Monday,1970-01-02 03:33:47.999783,29.240277777777777
Mielec,360,Wednesday,1970-01-02 09:11:15.000000,71.27111111111111
Kutno,620,Tuesday,1970-01-02 20:32:47.999840,59.65222222222222
Gdynia,620,Wednesday,1970-01-02 18:45:01.998138,37.92027777777778
Warszawa,516,Tuesday,1970-01-02 01:11:25.999846,14.317777777777778
Police,516,Saturday,1970-01-02 09:38:01.001186,46.47638888888889
Kutno,516,Wednesday,1970-01-02 10:59:27.999744,25.385
Warszawa,620,Tuesday,1970-01-02 08:51:45.998898,32.24194444444444
Mielec,360,Sunday,1970-01-02 02:11:29.999771,80.8575
Gdynia,620,Friday,1970-01-02 01:39:36.999807,33.79555555555555
Szczecin,620,Friday,1970-01-02 01:58:51.999779,30.5825
Warszawa,360,Friday,1970-01-02 16:02:12.002449,64.22611111111111
Warszawa,620,Sunday,1970-01-02 09:49:06.000195,46.44611111111111
Radom,360,Wednesday,1970-01-02 01:58:42.000074,54.04555555555555
Warszawa,516,Monday,1970-01-02 15:25:16.999054,20.663055555555555
Gdynia,620,Friday,1970-01-02 15:05:26.999474,64.93194444444444
Konin,620,Thursday,1970-01-02 08:03:09.999104,48.095555555555556
Mielec,620,Monday,1970-01-02 08:26:59.999313,74.61305555555556
Szczecin,516,Sunday,1970-01-02 08:04:56.000862,30.662777777777777
Warszawa,360,Saturday,1970-01-02 20:41:16.000786,36.006388888888885
Szczecin,516,Wednesday,1970-01-02 01:12:09.000056,30.87
Radom,516,Tuesday,1970-01-02 21:19:29.997597,19.98138888888889
Radom,620,Friday,1970-01-02 05:24:46.999512,74.90694444444445
Konin,620,Friday,1970-01-02 08:26:56.000462,82.06611111111111
Kutno,516,Wednesday,1970-01-02 00:01:03.000000,32.62555555555556
Police,360,Tuesday,1970-01-02 05:03:50.999565,51.85111111111111
Radom,360,Wednesday,1970-01-02 03:28:14.000387,53.011944444444445
Police,620,Monday,1970-01-02 12:15:28.001404,20.102222222222224
Warszawa,516,Wednesday,1970-01-02 19:57:08.997803,36.19861111111111
Police,360,Sunday,1970-01-02 08:45:09.000206,33.808055555555555
Radom,360,Saturday,1970-01-02 02:00:18.000197,54.72972222222222
Radom,516,Tuesday,1970-01-02 20:51:58.999672,19.288333333333334
Gdynia,516,Thursday,1970-01-02 03:57:43.000488,52.22138888888889
Mielec,360,Thursday,1970-01-02 16:24:56.998787,97.42583333333333
Szczecin,516,Friday,1970-01-02 19:17:26.001434,13.356111111111112
Radom,620,Friday,1970-01-02 12:47:29.000359,67.63666666666667
Konin,360,Sunday,1970-01-02 18:01:22.000923,62.721111111111114
Szczecin,516,Saturday,1970-01-02 05:08:24.000378,8.349722222222223
Radom,516,Tuesday,1970-01-02 12:32:16.999512,20.174166666666668
Police,516,Thursday,1970-01-02 06:01:23.999062,26.34777777777778
Radom,516,Friday,1970-01-02 06:01:45.999184,34.934444444444445
Gdynia,516,Monday,1970-01-02 17:08:21.999664,46.27166666666667
Police,516,Saturday,1970-01-02 06:25:48.001099,50.215
Radom,360,Tuesday,1970-01-02 10:08:24.001236,53.91305555555556
Gdynia,516,Sunday,1970-01-02 07:03:46.998997,51.849444444444444
Mielec,620,Monday,1970-01-02 11:59:24.999104,52.786944444444444
Szczecin,516,Thursday,1970-01-02 04:38:52.999563,27.625833333333333
Warszawa,620,Monday,1970-01-02 01:50:02.999711,40.82527777777778
Kutno,516,Sunday,1970-01-02 06:32:58.999043,31.338055555555556
Kutno,360,Saturday,1970-01-02 16:30:39.998817,39.76027777777778
Mielec,360,Wednesday,1970-01-02 05:02:31.000643,59.74444444444445
Konin,620,Saturday,1970-01-02 22:26:45.001259,58.07694444444444
Police,620,Thursday,1970-01-02 09:13:33.000298,23.692777777777778
Police,620,Sunday,1970-01-02 15:00:53.002167,21.139166666666668
Police,620,Tuesday,1970-01-02 23:33:22.998161,32.755833333333335
Radom,620,Friday,1970-01-02 11:32:17.999439,68.66194444444444
Gdynia,516,Sunday,1970-01-02 11:25:16.000843,44.745555555555555
Warszawa,620,Thursday,1970-01-02 09:45:58.000088,47.1675
Police,516,Thursday,1970-01-02 02:00:20.000267,54.884166666666665
Konin,360,Saturday,1970-01-02 09:16:18.001213,70.78222222222222
Radom,516,Sunday,1970-01-02 19:54:09.000549,36.905277777777776
Konin,620,Friday,1970-01-02 04:42:36.999636,81.19361111111111
Police,516,Wednesday,1970-01-02 04:20:57.999802,51.87916666666667
Police,360,Saturday,1970-01-02 12:33:02.997894,43.903333333333336
Szczecin,516,Sunday,1970-01-02 14:52:35.002213,25.469166666666666
Kutno,620,Monday,1970-01-02 19:52:18.999939,39.25611111111111
Szczecin,360,Saturday,1970-01-02 02:42:55.999761,14.991388888888888
Police,620,Friday,1970-01-02 04:34:03.999481,28.103055555555557
Konin,360,Saturday,1970-01-02 19:59:24.999962,60.14694444444444
Police,360,Friday,1970-01-02 11:46:06.001225,21.205
Warszawa,516,Friday,1970-01-02 01:25:30.999970,12.732222222222223
Police,620,Friday,1970-01-02 20:40:05.998993,22.159444444444443
Konin,516,Monday,1970-01-02 22:09:44.997940,39.52916666666667
Kutno,360,Friday,1970-01-02 05:52:16.000586,74.62777777777778
Warszawa,620,Sunday,1970-01-02 10:51:04.000225,27.511388888888888
Warszawa,620,Thursday,1970-01-02 22:08:25.000305,38.86277777777778
Konin,516,Thursday,1970-01-02 13:24:06.998978,90.84444444444445
Police,360,Sunday,1970-01-02 20:04:35.998878,19.343611111111112
Konin,620,Saturday,1970-01-02 01:29:46.000156,54.660833333333336
Szczecin,360,Monday,1970-01-02 12:38:21.999664,19.745277777777776
Gdynia,516,Thursday,1970-01-02 20:27:54.999619,44.983333333333334
Konin,620,Tuesday,1970-01-02 16:19:28.001175,39.91833333333334
Konin,620,Wednesday,1970-01-02 23:36:33.001556,38.89
Police,516,Monday,1970-01-02 15:03:52.999420,41.19
Radom,516,Thursday,1970-01-02 14:54:05.000839,18.6875
Gdynia,620,Friday,1970-01-02 02:20:20.999908,37.995
Police,516,Monday,1970-01-02 23:17:47.998123,12.234722222222222
Mielec,620,Monday,1970-01-02 16:05:15.002060,65.34333333333333
Szczecin,360,Monday,1970-01-02 06:29:49.000797,8.913611111111111
Warszawa,620,Sunday,1970-01-02 15:22:00.002174,41.1375
Warszawa,516,Wednesday,1970-01-02 16:28:47.000999,15.679444444444444
Szczecin,516,Sunday,1970-01-02 10:24:22.000465,22.288333333333334
Warszawa,360,Monday,1970-01-02 02:41:45.000186,29.340833333333332
Warszawa,360,Monday,1970-01-02 03:34:11.000261,38.952777777777776
Szczecin,620,Monday,1970-01-02 06:50:31.999969,6.222222222222222
Szczecin,360,Tuesday,1970-01-02 14:31:51.001396,22.589444444444446
Police,620,Monday,1970-01-02 07:17:22.000008,24.8425
Mielec,360,Friday,1970-01-02 03:20:32.999468,77.0475
Radom,516,Saturday,1970-01-02 09:31:53.001251,57.19416666666667
Gdynia,516,Tuesday,1970-01-02 13:23:05.000038,43.54972222222222
Szczecin,516,Tuesday,1970-01-02 03:59:05.000124,28.268055555555556
Warszawa,516,Wednesday,1970-01-02 14:21:21.999779,19.793333333333333
Warszawa,516,Sunday,1970-01-02 09:12:40.999775,23.446944444444444
Gdynia,360,Wednesday,1970-01-02 05:22:55.999832,54.28916666666667
Radom,360,Saturday,1970-01-02 22:19:21.002541,57.93083333333333
Radom,516,Thursday,1970-01-02 00:00:36.000001,32.20666666666666
Szczecin,516,Saturday,1970-01-02 16:04:06.998405,39.975
Szczecin,360,Tuesday,1970-01-02 07:02:20.000153,25.364166666666666
Konin,620,Wednesday,1970-01-02 22:38:33.001442,37.70388888888889
Gdynia,360,Thursday,1970-01-02 04:13:40.999718,60.465555555555554
Warszawa,516,Thursday,1970-01-02 08:26:20.000496,26.29138888888889
Szczecin,620,Friday,1970-01-02 20:19:16.997681,12.189166666666667
Radom,516,Thursday,1970-01-02 01:07:16.000156,31.15111111111111
Szczecin,516,Tuesday,1970-01-02 18:19:55.999146,14.553055555555556
Szczecin,516,Saturday,1970-01-02 17:43:36.998291,38.471666666666664
Police,360,Monday,1970-01-02 02:43:06.999822,33.724444444444444
Radom,516,Saturday,1970-01-02 02:11:11.999788,16.529166666666665
Warszawa,516,Sunday,1970-01-02 12:21:19.998207,22.140833333333333
Warszawa,516,Tuesday,1970-01-02 01:32:03.000097,9.001388888888888
Szczecin,360,Sunday,1970-01-02 15:47:30.998497,20.333055555555557
Radom,516,Friday,1970-01-02 22:04:03.002129,58.58777777777778
Konin,516,Friday,1970-01-02 23:31:19.999352,57.28527777777778
Warszawa,516,Friday,1970-01-02 19:23:21.000595,60.79194444444445
Radom,516,Saturday,1970-01-02 04:17:53.999834,52.26111111111111
Szczecin,360,Saturday,1970-01-02 13:40:43.997955,49.713055555555556
Radom,360,Friday,1970-01-02 13:08:36.999435,67.76277777777777
Kutno,620,Wednesday,1970-01-02 08:25:05.000782,48.42027777777778
Gdynia,620,Monday,1970-01-02 02:05:07.999992,38.33555555555556
Police,516,Thursday,1970-01-02 22:31:28.999557,17.505
Warszawa,516,Friday,1970-01-02 11:05:52.000237,21.290555555555557
Gdynia,360,Wednesday,1970-01-02 23:03:59.002419,57.43972222222222
Radom,360,Thursday,1970-01-02 11:25:49.001026,44.65138888888889
Kutno,516,Wednesday,1970-01-02 09:48:46.999855,33.153055555555554
Gdynia,516,Tuesday,1970-01-02 17:18:53.998489,39.01861111111111
Police,620,Friday,1970-01-02 12:30:37.998962,22.00888888888889
Warszawa,620,Monday,1970-01-02 06:00:21.001053,50.284166666666664
Szczecin,516,Sunday,1970-01-02 22:06:03.997650,10.358611111111111
Gdynia,360,Tuesday,1970-01-02 16:45:51.999664,41.95
Gdynia,360,Thursday,1970-01-02 15:12:15.000801,89.55361111111111
Kutno,360,Friday,1970-01-02 08:37:13.999443,72.19361111111111
Konin,516,Monday,1970-01-02 09:08:50.001068,50.84777777777778
Radom,516,Wednesday,1970-01-02 20:54:22.000465,18.67
Police,516,Sunday,1970-01-02 07:28:37.999077,33.74944444444444
Szczecin,516,Friday,1970-01-02 18:30:33.997536,21.397777777777776
Gdynia,620,Sunday,1970-01-02 07:21:38.001194,49.219722222222224
Warszawa,360,Monday,1970-01-02 14:58:21.998520,41.31305555555556
Szczecin,620,Monday,1970-01-02 18:02:34.000854,22.778055555555557
Police,360,Saturday,1970-01-02 16:46:46.000900,41.158055555555556
Police,360,Sunday,1970-01-02 01:33:01.999898,31.176944444444445
Mielec,620,Thursday,1970-01-02 21:52:23.998718,83.09861111111111
Radom,620,Wednesday,1970-01-02 04:45:18.999481,51.51361111111111
Konin,620,Saturday,1970-01-02 23:44:54.997787,61.585
Police,516,Sunday,1970-01-02 21:15:08.998489,34.85388888888889
Warszawa,516,Sunday,1970-01-02 13:20:11.002350,42.95583333333333
Radom,360,Friday,1970-01-02 06:41:24.000206,73.95583333333333
Police,620,Friday,1970-01-02 10:06:51.000252,22.39027777777778
Warszawa,360,Tuesday,1970-01-02 10:41:58.001175,45.882222222222225
Mielec,620,Wednesday,1970-01-02 20:30:50.001526,62.01638888888889
Warszawa,516,Thursday,1970-01-02 22:52:14.998512,42.43888888888889
Police,620,Friday,1970-01-02 14:08:54.999847,26.061944444444446
Mielec,516,Thursday,1970-01-02 14:07:58.001404,89.01305555555555
Gdynia,516,Wednesday,1970-01-02 02:34:25.000319,53.73833333333334
Police,516,Monday,1970-01-02 07:52:18.999939,28.399166666666666
Gdynia,360,Monday,1970-01-02 03:06:52.000179,53.88055555555555
Police,620,Tuesday,1970-01-02 06:56:31.999626,25.90388888888889
Police,516,Wednesday,1970-01-02 00:07:35.999981,32.75972222222222
Gdynia,620,Sunday,1970-01-02 19:51:00.001373,36.98777777777778
Szczecin,516,Thursday,1970-01-02 20:16:51.998749,12.63888888888889
Szczecin,360,Sunday,1970-01-02 07:56:42.998829,24.690555555555555
Szczecin,516,Saturday,1970-01-02 23:44:40.001450,42.968333333333334
Szczecin,620,Thursday,1970-01-02 19:33:09.998245,37.375277777777775
Szczecin,360,Thursday,1970-01-02 02:37:39.999704,30.188055555555554
Warszawa,620,Sunday,1970-01-02 21:38:05.000038,34.64055555555556
Warszawa,516,Saturday,1970-01-02 21:09:01.001129,35.72277777777778
Szczecin,516,Tuesday,1970-01-02 03:08:26.000233,28.924444444444443
Kutno,516,Tuesday,1970-01-02 15:27:49.001770,18.977222222222224
Warszawa,620,Thursday,1970-01-02 17:08:59.001274,38.871944444444445
Szczecin,620,Wednesday,1970-01-02 02:06:26.999846,30.289166666666667
Konin,360,Friday,1970-01-02 02:38:50.000210,80.71472222222222
Radom,620,Friday,1970-01-02 20:50:37.997818,64.06444444444445
Szczecin,516,Friday,1970-01-02 00:43:43.000056,7.303333333333334
Konin,516,Thursday,1970-01-02 09:42:25.999146,46.51361111111111
Szczecin,360,Wednesday,1970-01-02 06:12:19.998722,32.41166666666667
Konin,620,Friday,1970-01-02 19:10:11.998558,70.34944444444444
Police,360,Monday,1970-01-02 13:33:06.001968,29.1825
Warszawa,360,Thursday,1970-01-02 12:18:00.998039,43.791666666666664
Szczecin,516,Tuesday,1970-01-02 13:39:01.001129,19.086666666666666
Gdynia,360,Thursday,1970-01-02 01:36:54.000249,55.045833333333334
Police,620,Tuesday,1970-01-02 11:00:39.999676,23.54
Szczecin,620,Saturday,1970-01-02 08:58:31.000443,49.25861111111111
Warszawa,620,Sunday,1970-01-02 00:26:22.000029,41.83083333333333
Konin,360,Thursday,1970-01-02 10:14:49.999866,46.445277777777775
Police,620,Sunday,1970-01-02 16:21:19.999924,39.89472222222222
Szczecin,516,Friday,1970-01-02 13:21:14.000359,19.028055555555557
Konin,516,Thursday,1970-01-02 12:32:45.998268,45.007777777777775
Kutno,620,Tuesday,1970-01-02 09:39:22.000465,49.86222222222222
Police,360,Saturday,1970-01-02 20:18:39.002151,36.68472222222222
Police,516,Tuesday,1970-01-02 14:15:23.998260,42.06194444444444
Szczecin,620,Friday,1970-01-02 21:49:24.001465,14.9025
Mielec,516,Saturday,1970-01-02 18:10:09.998703,93.13194444444444
Radom,360,Saturday,1970-01-02 11:14:54.999504,45.14388888888889
Warszawa,516,Wednesday,1970-01-02 19:53:21.997948,36.36388888888889
Gdynia,360,Monday,1970-01-02 05:36:05.999651,52.848055555555554
Police,620,Friday,1970-01-02 05:14:11.999617,31.627777777777776
Konin,360,Sunday,1970-01-02 17:24:51.000938,39.336666666666666
Gdynia,516,Sunday,1970-01-02 18:19:43.000946,62.193888888888885
Warszawa,360,Thursday,1970-01-02 00:54:00.999842,31.15388888888889
Szczecin,516,Saturday,1970-01-02 20:21:16.000214,35.85805555555555
Gdynia,360,Monday,1970-01-02 06:49:28.999386,52.34222222222222
Warszawa,620,Thursday,1970-01-02 08:48:41.001148,33.65416666666667
Mielec,360,Tuesday,1970-01-02 01:37:08.000093,78.92888888888889
Szczecin,620,Sunday,1970-01-02 12:26:27.000847,24.361944444444443
Police,620,Friday,1970-01-02 02:18:14.000316,37.91722222222222
Szczecin,620,Saturday,1970-01-02 04:46:56.000605,5.235833333333333
Konin,620,Saturday,1970-01-02 22:45:42.997742,35.82388888888889
Konin,360,Saturday,1970-01-02 05:45:57.999659,50.913333333333334
Szczecin,620,Monday,1970-01-02 19:25:24.998474,12.850833333333334
Gdynia,516,Sunday,1970-01-02 13:53:07.001610,42.958888888888886
Szczecin,360,Sunday,1970-01-02 18:31:24.002495,14.116944444444444
Mielec,360,Monday,1970-01-02 15:55:09.998703,74.77
Radom,620,Thursday,1970-01-02 23:18:52.999420,40.85111111111111
Warszawa,360,Saturday,1970-01-02 22:37:24.997787,33.562777777777775
Mielec,360,Saturday,1970-01-02 00:38:57.999952,80.11555555555556
Police,516,Tuesday,1970-01-02 13:07:28.001862,29.20111111111111
Radom,516,Tuesday,1970-01-02 23:36:53.997459,33.09972222222222
Police,620,Thursday,1970-01-02 03:49:03.999481,52.51083333333333
Konin,360,Tuesday,1970-01-02 15:56:35.001984,64.14055555555555
Radom,620,Friday,1970-01-02 09:39:16.000900,70.61166666666666
Warszawa,516,Wednesday,1970-01-02 01:01:15.999856,31.323333333333334
Konin,620,Friday,1970-01-02 20:43:39.001579,59.66138888888889
Kutno,360,Saturday,1970-01-02 14:12:14.000015,48.195
Mielec,516,Wednesday,1970-01-02 00:16:14.999982,64.24972222222222
Gdynia,360,Monday,1970-01-02 12:40:11.001205,67.91888888888889
Radom,620,Saturday,1970-01-02 13:07:02.000313,43.71138888888889
Szczecin,516,Wednesday,1970-01-02 18:29:31.998596,18.86611111111111
Police,360,Wednesday,1970-01-02 15:58:21.001167,40.702222222222225
Police,360,Friday,1970-01-02 10:55:40.999889,26.50638888888889
Radom,360,Wednesday,1970-01-02 05:04:19.000540,51.72555555555556
Warszawa,516,Wednesday,1970-01-02 10:18:20.999165,7.3741666666666665
Kutno,620,Tuesday,1970-01-02 13:26:01.001015,52.69777777777778
Gdynia,620,Sunday,1970-01-02 04:11:04.999437,52.12722222222222
Szczecin,516,Saturday,1970-01-02 08:49:07.999191,6.262777777777778
Kutno,620,Wednesday,1970-01-02 02:22:24.999719,38.64
Gdynia,360,Thursday,1970-01-02 04:32:57.000046,51.62388888888889
Kutno,620,Saturday,1970-01-02 17:36:45.999756,39.202222222222225
Police,620,Saturday,1970-01-02 04:01:01.999369,52.70944444444444
Warszawa,516,Saturday,1970-01-02 04:20:57.999802,51.94777777777778
Warszawa,620,Friday,1970-01-02 13:27:26.998215,69.70694444444445
Szczecin,516,Saturday,1970-01-02 03:50:20.999908,14.192777777777778
Radom,516,Tuesday,1970-01-02 19:56:50.000038,20.110277777777778
Gdynia,516,Tuesday,1970-01-02 20:59:09.001122,39.8025
Szczecin,620,Monday,1970-01-02 15:26:01.998367,22.63083333333333
Warszawa,620,Tuesday,1970-01-02 16:29:26.000748,49.87638888888889
Warszawa,360,Saturday,1970-01-02 11:28:35.001011,54.6075
Mielec,516,Sunday,1970-01-02 17:46:32.999268,71.22194444444445
Kutno,620,Monday,1970-01-02 19:55:15.000916,39.18472222222222
Police,360,Sunday,1970-01-02 22:26:13.999214,33.74611111111111
Gdynia,620,Saturday,1970-01-02 17:05:46.000671,39.65027777777778
Konin,620,Thursday,1970-01-02 03:03:09.999533,53.74638888888889
Police,516,Wednesday,1970-01-02 23:39:42.999802,41.91722222222222
Warszawa,360,Tuesday,1970-01-02 18:46:05.001297,46.236111111111114
Police,620,Tuesday,1970-01-02 11:43:04.000683,20.80527777777778
Szczecin,516,Monday,1970-01-02 21:38:22.998734,11.103333333333333
Gdynia,620,Friday,1970-01-02 08:51:44.999828,71.66416666666667
Kutno,360,Saturday,1970-01-02 08:36:15.999355,47.46861111111111
Konin,516,Monday,1970-01-02 12:42:26.998215,46.106944444444444
Kutno,360,Saturday,1970-01-02 06:38:49.000282,49.99194444444444
Gdynia,360,Thursday,1970-01-02 04:40:14.000130,51.346666666666664
Mielec,360,Tuesday,1970-01-02 06:43:34.000225,83.42777777777778
Szczecin,620,Monday,1970-01-02 04:53:15.000601,29.38138888888889
Radom,620,Wednesday,1970-01-02 00:31:56.000068,35.45666666666666
Radom,620,Wednesday,1970-01-02 17:53:05.000038,38.483333333333334
Warszawa,516,Friday,1970-01-02 08:42:12.000160,24.095
Szczecin,516,Thursday,1970-01-02 19:18:00.999756,13.189444444444444
Szczecin,516,Saturday,1970-01-02 07:58:32.000370,9.143888888888888
Warszawa,516,Wednesday,1970-01-02 03:22:32.999783,28.740555555555556
Gdynia,516,Monday,1970-01-02 00:06:03.999997,32.778055555555554
Konin,620,Thursday,1970-01-02 00:51:49.000075,55.98027777777778
Police,620,Sunday,1970-01-02 08:00:19.001198,24.099166666666665
Szczecin,516,Monday,1970-01-02 22:21:19.999924,9.660833333333333
Police,620,Tuesday,1970-01-02 19:15:42.999458,37.41388888888889
Radom,620,Friday,1970-01-02 00:17:58.000027,38.47833333333333
Police,516,Saturday,1970-01-02 11:51:16.001072,44.97555555555556
Konin,516,Wednesday,1970-01-02 19:38:56.000633,60.96333333333333
Mielec,516,Wednesday,1970-01-02 10:51:31.999912,117.83361111111111
Szczecin,516,Wednesday,1970-01-02 08:04:45.999870,24.630555555555556
Radom,516,Friday,1970-01-02 06:30:31.000328,74.37277777777778
Warszawa,620,Monday,1970-01-02 16:56:45.998611,39.38027777777778
Gdynia,360,Sunday,1970-01-02 18:32:05.999451,40.16833333333334
Kutno,620,Monday,1970-01-02 14:19:32.998238,41.82194444444445
Police,360,Sunday,1970-01-02 06:01:50.000610,50.433055555555555
Mielec,620,Friday,1970-01-02 10:26:02.000084,69.96
Mielec,360,Friday,1970-01-02 01:03:37.999971,78.98361111111112
Warszawa,360,Monday,1970-01-02 15:36:13.001289,40.57666666666667
Konin,360,Thursday,1970-01-02 11:03:12.998886,92.95555555555555
Szczecin,620,Sunday,1970-01-02 02:55:30.000257,30.239444444444445
Konin,516,Sunday,1970-01-02 23:53:10.999603,42.779444444444444
Szczecin,516,Thursday,1970-01-02 06:01:50.999680,26.608333333333334
Radom,516,Wednesday,1970-01-02 11:59:57.000217,25.565555555555555
Warszawa,516,Sunday,1970-01-02 10:21:31.999054,22.579722222222223
Radom,620,Monday,1970-01-02 00:21:23.000001,42.50055555555556
Warszawa,360,Monday,1970-01-02 00:02:35.000004,32.556111111111115
Szczecin,360,Saturday,1970-01-02 22:29:43.000374,42.50527777777778
Konin,360,Sunday,1970-01-02 07:01:32.001057,50.12138888888889
Mielec,516,Monday,1970-01-02 06:06:33.998909,74.27305555555556
Kutno,620,Tuesday,1970-01-02 01:45:01.000142,54.95472222222222
Szczecin,360,Thursday,1970-01-02 02:38:23.999949,30.09611111111111
Police,620,Thursday,1970-01-02 00:55:29.000008,31.113611111111112
Radom,620,Saturday,1970-01-02 10:21:58.000603,44.75333333333333
Radom,620,Wednesday,1970-01-02 07:29:07.999477,30.250555555555554
Konin,360,Thursday,1970-01-02 15:22:39.001923,89.44472222222223
Police,516,Friday,1970-01-02 08:56:08.998718,30.92222222222222
Radom,516,Tuesday,1970-01-02 17:05:13.000488,24.203333333333333
Szczecin,360,Tuesday,1970-01-02 19:10:42.001534,13.277777777777779
Konin,360,Wednesday,1970-01-02 16:46:54.997673,49.45944444444444
Gdynia,620,Saturday,1970-01-02 01:06:11.999860,65.45388888888888
Police,620,Thursday,1970-01-02 17:54:05.000839,38.56444444444445
Mielec,620,Saturday,1970-01-02 07:06:57.998886,74.81027777777778
Mielec,360,Saturday,1970-01-02 14:54:05.000839,66.25666666666666
Kutno,360,Wednesday,1970-01-02 17:34:32.000885,39.280277777777776
Mielec,516,Tuesday,1970-01-02 16:54:02.001915,69.89111111111112
Konin,620,Sunday,1970-01-02 15:08:32.002373,65.66166666666666
Szczecin,360,Friday,1970-01-02 10:32:43.999271,25.16138888888889
Radom,516,Wednesday,1970-01-02 21:36:43.998184,12.938611111111111
Police,620,Sunday,1970-01-02 02:42:59.000187,31.618055555555557
Mielec,516,Tuesday,1970-01-02 10:08:17.999096,70.19305555555556
Szczecin,360,Monday,1970-01-02 21:23:14.000244,11.271944444444445
Radom,620,Wednesday,1970-01-02 22:10:00.998497,34.81722222222222
Mielec,360,Sunday,1970-01-02 17:10:10.002136,87.33833333333334
Police,620,Sunday,1970-01-02 20:17:41.998558,35.86944444444445
Warszawa,360,Thursday,1970-01-02 01:26:09.000006,54.736111111111114
Mielec,620,Sunday,1970-01-02 23:14:39.998016,62.619166666666665
Gdynia,360,Monday,1970-01-02 03:34:18.000183,36.315555555555555
Szczecin,620,Thursday,1970-01-02 11:00:40.998745,45.87222222222222
Szczecin,620,Friday,1970-01-02 08:42:45.000343,24.141666666666666
Kutno,516,Saturday,1970-01-02 21:03:52.000351,35.75361111111111
Konin,360,Wednesday,1970-01-02 14:32:01.002388,66.2
Radom,620,Wednesday,1970-01-02 01:10:05.999959,54.966944444444444
Mielec,620,Monday,1970-01-02 19:16:26.000633,85.135
Police,360,Sunday,1970-01-02 13:32:55.001907,28.745833333333334
Konin,620,Saturday,1970-01-02 01:36:10.999718,65.07944444444445
Warszawa,620,Wednesday,1970-01-02 20:36:52.998390,36.340833333333336
Szczecin,360,Saturday,1970-01-02 15:20:45.998955,41.28777777777778
Police,620,Saturday,1970-01-02 15:04:18.001900,51.043055555555554
Kutno,360,Saturday,1970-01-02 01:35:22.000265,54.7075
Kutno,360,Sunday,1970-01-02 19:12:36.997490,37.319722222222225
Konin,360,Saturday,1970-01-02 18:17:15.998726,43.56
Radom,620,Monday,1970-01-02 01:28:59.000130,38.661944444444444
Police,516,Sunday,1970-01-02 18:24:53.000793,37.922222222222224
Warszawa,516,Monday,1970-01-02 10:54:03.000984,21.198611111111113
Szczecin,516,Sunday,1970-01-02 10:29:57.999287,21.72833333333333
Mielec,620,Friday,1970-01-02 05:42:41.000204,76.11916666666667
Warszawa,516,Thursday,1970-01-02 15:46:18.998566,16.465555555555557
Kutno,620,Tuesday,1970-01-02 00:28:46.000053,42.426944444444445
Kutno,360,Monday,1970-01-02 20:12:52.999763,40.29972222222222
Konin,360,Saturday,1970-01-02 12:26:50.000038,54.37222222222222
Gdynia,516,Sunday,1970-01-02 13:34:57.001648,66.83722222222222
Police,516,Friday,1970-01-02 06:33:47.000713,28.5375
Radom,360,Friday,1970-01-02 14:10:56.000519,66.05416666666666
Kutno,360,Saturday,1970-01-02 23:58:09.999390,56.95305555555556
Radom,516,Tuesday,1970-01-02 04:40:15.000486,32.596944444444446
Szczecin,620,Wednesday,1970-01-02 23:48:00.999756,33.014722222222225
Gdynia,620,Wednesday,1970-01-02 16:09:53.000793,40.49055555555555
Szczecin,360,Friday,1970-01-02 22:16:54.999390,58.16416666666667
Gdynia,516,Tuesday,1970-01-02 09:22:13.000374,49.028333333333336
Radom,360,Saturday,1970-01-02 06:30:59.000015,59.44361111111111
Mielec,516,Friday,1970-01-02 21:47:34.000854,82.45138888888889
Kutno,620,Tuesday,1970-01-02 07:47:41.001205,48.94111111111111
Mielec,516,Sunday,1970-01-02 23:41:57.997742,65.11222222222223
Police,360,Saturday,1970-01-02 06:26:19.999638,49.56194444444444
Kutno,516,Tuesday,1970-01-02 01:21:50.000002,30.71472222222222
Szczecin,620,Wednesday,1970-01-02 08:30:21.999264,24.266944444444444
Police,620,Wednesday,1970-01-02 06:56:09.000435,33.09027777777778
Warszawa,516,Tuesday,1970-01-02 23:27:09.001236,32.715555555555554
Police,360,Monday,1970-01-02 13:33:04.997749,20.060277777777777
Mielec,360,Friday,1970-01-02 15:13:57.997627,65.57638888888889
Mielec,360,Tuesday,1970-01-02 01:54:01.000271,60.33444444444444
Warszawa,516,Wednesday,1970-01-02 19:28:44.997711,23.303055555555556
Police,516,Monday,1970-01-02 09:18:37.999649,51.24166666666667
Radom,516,Wednesday,1970-01-02 14:35:39.000320,41.900555555555556
Kutno,620,Saturday,1970-01-02 14:07:30.001717,65.90972222222223
Warszawa,620,Tuesday,1970-01-02 04:55:25.000620,30.103055555555557
Police,516,Thursday,1970-01-02 01:39:29.000173,32.77027777777778
Police,360,Thursday,1970-01-02 14:24:02.999268,20.67861111111111
Police,620,Friday,1970-01-02 02:02:10.999947,38.41916666666667
Gdynia,516,Sunday,1970-01-02 19:57:16.001587,36.15416666666667
Gdynia,360,Tuesday,1970-01-02 07:05:17.000198,56.21666666666667
Warszawa,360,Saturday,1970-01-02 19:56:42.002335,36.43138888888889
Police,516,Sunday,1970-01-02 02:32:29.999857,30.856666666666666
Police,360,Friday,1970-01-02 01:06:48.999860,31.34722222222222
Konin,620,Saturday,1970-01-02 00:46:37.999871,62.88611111111111
Mielec,516,Saturday,1970-01-02 08:51:56.998959,71.61944444444444
Radom,360,Friday,1970-01-02 11:45:14.000702,79.10444444444444
Mielec,516,Monday,1970-01-02 18:22:02.999382,87.20416666666667
Mielec,360,Friday,1970-01-02 13:09:37.000237,68.10416666666667
Konin,516,Sunday,1970-01-02 23:41:46.997681,57.18
Konin,620,Wednesday,1970-01-02 06:29:55.000362,49.5575
Szczecin,620,Thursday,1970-01-02 08:19:00.999699,23.843611111111112
Gdynia,620,Wednesday,1970-01-02 06:31:35.999050,50.091388888888886
Radom,620,Monday,1970-01-02 20:59:43.000374,59.70305555555556
Radom,360,Thursday,1970-01-02 09:29:58.999214,46.93666666666667
Szczecin,360,Thursday,1970-01-02 07:39:46.000443,25.107222222222223
Konin,516,Sunday,1970-01-02 12:57:11.998444,67.21833333333333
Radom,360,Friday,1970-01-02 11:24:38.999233,69.04916666666666
Mielec,516,Wednesday,1970-01-02 08:07:50.001125,71.98722222222223
Police,620,Monday,1970-01-02 15:07:23.998718,18.3125
Gdynia,360,Saturday,1970-01-02 13:45:39.001465,52.54638888888889
Szczecin,360,Wednesday,1970-01-02 01:57:57.000117,6.221388888888889
Radom,620,Tuesday,1970-01-02 17:36:51.999321,22.04888888888889
Szczecin,360,Monday,1970-01-02 12:00:27.000618,28.88388888888889
Kutno,516,Thursday,1970-01-02 01:58:01.999969,30.985555555555557
Warszawa,620,Sunday,1970-01-02 13:59:36.999092,42.469722222222224
Konin,620,Monday,1970-01-02 10:54:48.999367,45.34
Konin,360,Thursday,1970-01-02 23:35:44.000816,80.85416666666667
Szczecin,360,Friday,1970-01-02 20:49:55.001793,21.90361111111111
Warszawa,360,Wednesday,1970-01-02 22:12:05.001526,34.99666666666667
Gdynia,620,Saturday,1970-01-02 04:21:29.999628,61.90416666666667
Szczecin,360,Sunday,1970-01-02 19:10:32.999611,22.357777777777777
Gdynia,620,Tuesday,1970-01-02 05:00:09.000206,27.558333333333334
Mielec,360,Wednesday,1970-01-02 18:03:47.998924,66.18222222222222
Gdynia,360,Monday,1970-01-02 07:39:05.999050,48.405277777777776
Police,620,Friday,1970-01-02 14:43:35.000153,26.6425
Gdynia,620,Saturday,1970-01-02 03:55:07.000208,52.60777777777778
Szczecin,360,Thursday,1970-01-02 09:08:07.998962,23.8275
Warszawa,360,Saturday,1970-01-02 08:29:03.999767,50.5075
Kutno,620,Monday,1970-01-02 15:23:52.000923,40.827222222222225
Radom,620,Thursday,1970-01-02 03:23:29.999514,53.37583333333333
Kutno,516,Wednesday,1970-01-02 13:28:58.001060,23.4875
Police,620,Thursday,1970-01-02 21:11:22.997704,35.39972222222222
Police,360,Wednesday,1970-01-02 17:48:04.002113,38.518055555555556
Szczecin,516,Tuesday,1970-01-02 16:42:06.997948,15.65611111111111
Police,360,Friday,1970-01-02 04:44:02.999411,27.34861111111111
Warszawa,360,Sunday,1970-01-02 17:40:05.998993,48.57611111111111
Warszawa,516,Thursday,1970-01-02 07:03:21.000023,25.90388888888889
Gdynia,516,Wednesday,1970-01-02 21:04:18.001900,59.73777777777778
Warszawa,360,Wednesday,1970-01-02 01:42:49.999766,34.24805555555555
Mielec,360,Monday,1970-01-02 15:11:05.998077,89.09138888888889
Szczecin,620,Saturday,1970-01-02 14:50:00.002289,41.66972222222222
Konin,360,Saturday,1970-01-02 15:23:36.000366,65.31777777777778
Police,620,Wednesday,1970-01-02 22:22:21.998863,34.16388888888889
Police,620,Saturday,1970-01-02 15:35:19.000053,40.430277777777775
Warszawa,516,Thursday,1970-01-02 15:24:47.001228,22.674722222222222
Radom,620,Saturday,1970-01-02 08:09:50.999222,47.88194444444444
Konin,360,Monday,1970-01-02 14:37:51.001053,41.85472222222222
Mielec,516,Sunday,1970-01-02 20:06:19.000854,83.9036111111111
Kutno,516,Wednesday,1970-01-02 02:41:21.999707,29.421944444444446
Warszawa,620,Thursday,1970-01-02 20:06:49.997749,41.50111111111111
Mielec,360,Saturday,1970-01-02 00:02:45.000000,63.860277777777775
Konin,516,Tuesday,1970-01-02 19:28:26.999016,40.791111111111114
Warszawa,516,Saturday,1970-01-02 18:37:50.997620,43.61388888888889
Warszawa,360,Saturday,1970-01-02 11:42:34.000282,44.65972222222222
Mielec,360,Thursday,1970-01-02 04:19:44.000444,100.3013888888889
Radom,620,Saturday,1970-01-02 10:36:16.000214,49.30166666666667
Police,516,Sunday,1970-01-02 23:28:39.998932,39.07361111111111
Mielec,360,Thursday,1970-01-02 05:34:45.000372,98.82527777777777
Konin,516,Monday,1970-01-02 09:53:42.000790,70.2611111111111
Mielec,516,Friday,1970-01-02 15:25:27.999115,64.88583333333334
Radom,620,Thursday,1970-01-02 23:44:24.999962,34.596666666666664
Mielec,516,Monday,1970-01-02 12:03:54.997559,68.28888888888889
Konin,620,Saturday,1970-01-02 08:41:36.999264,52.73305555555555
Radom,360,Friday,1970-01-02 00:17:58.000027,33.69361111111111
Szczecin,360,Tuesday,1970-01-02 10:22:56.999760,22.486666666666668
Radom,620,Sunday,1970-01-02 05:31:04.000082,50.84222222222222
Police,360,Saturday,1970-01-02 01:23:00.999899,54.889722222222225
Police,360,Friday,1970-01-02 04:27:22.000294,75.93694444444445
Szczecin,516,Saturday,1970-01-02 11:05:41.000175,45.48305555555555
Radom,516,Wednesday,1970-01-02 09:31:21.000137,22.604444444444443
Warszawa,516,Monday,1970-01-02 14:55:35.998535,18.436944444444446
Police,360,Wednesday,1970-01-02 15:14:40.998802,41.11972222222222
Mielec,516,Friday,1970-01-02 01:27:51.000016,77.83111111111111
Radom,516,Wednesday,1970-01-02 18:31:54.999390,14.29888888888889
Gdynia,360,Sunday,1970-01-02 14:52:14.001160,65.26388888888889
Szczecin,620,Monday,1970-01-02 04:20:27.000332,8.431944444444444
Gdynia,620,Monday,1970-01-02 11:12:53.998833,45.54222222222222
Radom,620,Wednesday,1970-01-02 08:19:05.001125,48.18333333333333
Gdynia,620,Wednesday,1970-01-02 07:50:53.999233,34.66638888888889
Kutno,360,Tuesday,1970-01-02 17:58:29.002304,62.539722222222224
Konin,516,Sunday,1970-01-02 05:42:32.999926,51.05722222222222
Warszawa,620,Thursday,1970-01-02 18:06:05.000153,21.040555555555557
Warszawa,516,Tuesday,1970-01-02 11:27:23.001080,44.7125
Kutno,360,Monday,1970-01-02 07:24:25.000248,49.533055555555556
Mielec,620,Thursday,1970-01-02 21:24:50.997505,83.31138888888889
Szczecin,620,Sunday,1970-01-02 19:14:45.001945,16.436666666666667
Gdynia,620,Friday,1970-01-02 20:31:46.999969,59.8675
Police,360,Saturday,1970-01-02 10:30:11.999130,51.15083333333333
Konin,620,Tuesday,1970-01-02 13:53:47.000427,66.73
Police,516,Sunday,1970-01-02 01:14:27.000031,38.90027777777778
Gdynia,620,Friday,1970-01-02 00:35:00.000036,79.76027777777777
Warszawa,360,Saturday,1970-01-02 16:30:59.001732,40.33833333333333
Szczecin,516,Wednesday,1970-01-02 01:38:38.999720,16.25111111111111
Warszawa,360,Sunday,1970-01-02 20:48:51.998634,59.79333333333334
Kutno,620,Friday,1970-01-02 06:33:01.998825,73.89472222222223
Police,620,Saturday,1970-01-02 19:44:21.001968,36.41861111111111
Police,516,Thursday,1970-01-02 21:43:48.999138,34.331944444444446
Kutno,516,Thursday,1970-01-02 07:45:48.999882,25.148333333333333
Warszawa,516,Monday,1970-01-02 02:44:00.000057,10.750277777777777
Warszawa,516,Sunday,1970-01-02 18:19:16.999397,15.830555555555556
Mielec,360,Friday,1970-01-02 08:23:56.000633,95.84611111111111
Szczecin,516,Saturday,1970-01-02 10:14:44.999371,45.759166666666665
Gdynia,360,Friday,1970-01-02 14:33:15.000458,69.71888888888888
Warszawa,620,Friday,1970-01-02 01:30:33.999896,30.941666666666666
Radom,620,Saturday,1970-01-02 15:28:35.000153,40.67
Police,620,Thursday,1970-01-02 10:32:32.999210,26.27777777777778
Warszawa,620,Friday,1970-01-02 03:45:01.000357,32.92194444444444
Warszawa,360,Sunday,1970-01-02 21:32:17.998581,34.58111111111111
Konin,360,Tuesday,1970-01-02 11:23:15.000172,52.21
Police,620,Sunday,1970-01-02 00:06:16.000012,32.760555555555555
Gdynia,516,Tuesday,1970-01-02 18:13:45.998497,37.99111111111111
Warszawa,516,Wednesday,1970-01-02 23:34:47.002373,14.604444444444445
Mielec,620,Saturday,1970-01-02 20:30:13.998985,83.80361111111111
Warszawa,360,Friday,1970-01-02 21:23:19.000740,58.75222222222222
Gdynia,360,Monday,1970-01-02 15:05:04.999352,50.15833333333333
Mielec,516,Monday,1970-01-02 00:19:53.000007,63.654444444444444
Gdynia,620,Thursday,1970-01-02 15:42:48.998337,44.206944444444446
Konin,620,Tuesday,1970-01-02 22:57:58.997612,57.96083333333333
Kutno,360,Saturday,1970-01-02 02:27:02.999740,53.8975
Konin,360,Wednesday,1970-01-02 13:35:31.000900,51.54222222222222
Kutno,620,Thursday,1970-01-02 04:52:07.999878,27.97888888888889
Police,620,Monday,1970-01-02 01:21:27.999880,30.894166666666667
Kutno,360,Tuesday,1970-01-02 17:56:28.001633,38.18638888888889
Police,360,Saturday,1970-01-02 02:23:35.000224,53.83694444444444
Szczecin,516,Sunday,1970-01-02 08:43:35.000153,23.36111111111111
Gdynia,360,Sunday,1970-01-02 21:27:44.001274,58.584722222222226
Konin,620,Wednesday,1970-01-02 18:23:57.001419,47.282222222222224
Mielec,620,Thursday,1970-01-02 08:53:41.999073,95.15611111111112
Police,516,Saturday,1970-01-02 06:25:54.999733,55.683055555555555
Radom,516,Wednesday,1970-01-02 22:01:41.999474,34.69444444444444
Kutno,516,Saturday,1970-01-02 06:30:26.998901,50.423611111111114
Radom,360,Wednesday,1970-01-02 10:05:27.001190,30.412777777777777
Warszawa,360,Thursday,1970-01-02 21:52:40.998344,34.85388888888889
Kutno,620,Thursday,1970-01-02 08:42:26.999073,47.70805555555555
Kutno,516,Thursday,1970-01-02 20:02:44.999199,39.12444444444444
Szczecin,620,Saturday,1970-01-02 04:54:16.000471,8.132222222222222
Police,360,Friday,1970-01-02 22:08:03.999252,15.061111111111112
Konin,360,Sunday,1970-01-02 10:13:13.999100,52.06027777777778
Kutno,360,Tuesday,1970-01-02 17:51:31.999054,39.08277777777778
Gdynia,620,Saturday,1970-01-02 06:10:33.000469,57.23777777777778
Police,360,Sunday,1970-01-02 06:18:51.000423,25.70777777777778
Police,620,Saturday,1970-01-02 18:58:14.002533,37.785
Szczecin,516,Monday,1970-01-02 22:28:55.997772,20.168055555555554
Szczecin,516,Thursday,1970-01-02 23:42:57.998543,8.663611111111111
Radom,516,Monday,1970-01-02 22:29:05.998764,15.324444444444444
Radom,516,Wednesday,1970-01-02 12:01:39.000549,20.54138888888889
Police,360,Thursday,1970-01-02 08:24:55.998859,47.665
Gdynia,516,Saturday,1970-01-02 08:21:47.998753,52.30083333333334
Radom,360,Sunday,1970-01-02 05:55:10.999918,36.88638888888889
Police,516,Friday,1970-01-02 10:33:05.000324,69.9775
Kutno,620,Sunday,1970-01-02 18:26:20.002213,38.52611111111111
Konin,620,Monday,1970-01-02 04:07:57.000618,52.165277777777774
Mielec,620,Sunday,1970-01-02 11:20:15.999413,68.95833333333333
Konin,360,Saturday,1970-01-02 10:29:04.000626,45.846111111111114
Police,360,Tuesday,1970-01-02 17:18:02.000542,39.63
Police,620,Friday,1970-01-02 22:19:25.997887,57.73638888888889
Police,620,Saturday,1970-01-02 07:28:28.000660,48.88472222222222
Mielec,620,Thursday,1970-01-02 11:11:15.000858,94.33833333333334
Konin,360,Thursday,1970-01-02 17:40:52.002525,48.19416666666667
Konin,360,Tuesday,1970-01-02 19:57:23.999290,41.87305555555555
Szczecin,360,Tuesday,1970-01-02 02:39:08.999906,37.48722222222222
Konin,360,Friday,1970-01-02 12:35:37.997818,72.73805555555556
Gdynia,516,Thursday,1970-01-02 14:15:12.998199,42.647777777777776
Szczecin,620,Monday,1970-01-02 15:51:19.002571,16.945555555555554
Gdynia,516,Friday,1970-01-02 04:08:32.000227,33.36
Konin,620,Monday,1970-01-02 16:17:26.001434,46.13944444444444
Konin,516,Tuesday,1970-01-02 03:18:22.000380,52.92527777777778
Police,516,Tuesday,1970-01-02 10:52:13.000374,46.11222222222222
Police,516,Sunday,1970-01-02 08:36:42.000904,23.912777777777777
Mielec,360,Friday,1970-01-02 23:16:37.002411,80.76527777777778
Warszawa,360,Sunday,1970-01-02 18:51:47.002258,37.1425
Warszawa,360,Thursday,1970-01-02 23:43:36.998291,33.175
Mielec,360,Saturday,1970-01-02 19:00:18.999481,67.0825
Kutno,620,Wednesday,1970-01-02 01:36:07.000222,54.805
Mielec,620,Monday,1970-01-02 13:01:15.997925,67.58222222222223
Police,516,Saturday,1970-01-02 21:56:48.000183,34.12111111111111
Police,516,Sunday,1970-01-02 21:29:46.001015,35.2275
Kutno,516,Thursday,1970-01-02 18:47:34.999924,43.021388888888886
Kutno,620,Monday,1970-01-02 13:26:18.000641,43.468333333333334
Gdynia,620,Tuesday,1970-01-02 05:27:07.000523,28.219444444444445
Szczecin,360,Monday,1970-01-02 11:42:06.000595,44.98583333333333
Szczecin,360,Monday,1970-01-02 02:08:02.000256,30.57
Mielec,360,Friday,1970-01-02 17:51:53.000107,69.70972222222223
Police,620,Sunday,1970-01-02 09:56:45.999470,22.489722222222223
Szczecin,360,Friday,1970-01-02 19:52:34.001427,15.196388888888889
Police,620,Wednesday,1970-01-02 15:25:16.999054,47.27166666666667
Warszawa,620,Thursday,1970-01-02 02:22:28.999858,30.32111111111111
Gdynia,620,Thursday,1970-01-02 02:19:17.000256,54.29555555555555
Warszawa,516,Monday,1970-01-02 09:23:02.001114,28.65388888888889
Radom,620,Wednesday,1970-01-02 08:36:56.000748,48.24611111111111
Mielec,620,Wednesday,1970-01-02 05:46:00.999441,75.16416666666667
Radom,516,Sunday,1970-01-02 22:32:40.000420,19.53472222222222
Gdynia,620,Sunday,1970-01-02 18:40:51.999092,23.059166666666666
Police,516,Friday,1970-01-02 18:57:21.999435,13.594166666666666
Warszawa,620,Friday,1970-01-02 10:03:21.999092,79.85472222222222
Konin,360,Wednesday,1970-01-02 02:10:44.000101,54.20055555555555
Police,620,Wednesday,1970-01-02 00:52:40.999954,14.735
Szczecin,516,Wednesday,1970-01-02 12:46:17.000427,19.69638888888889
Mielec,516,Tuesday,1970-01-02 07:09:51.999149,82.04861111111111
Kutno,360,Monday,1970-01-02 14:05:41.999245,41.922777777777775
Kutno,516,Saturday,1970-01-02 05:02:49.000626,51.617777777777775
Konin,516,Saturday,1970-01-02 19:08:34.002228,61.46083333333333
Police,360,Sunday,1970-01-02 05:12:51.000338,31.663055555555555
Konin,516,Thursday,1970-01-02 09:31:09.001007,55.11944444444445
Mielec,360,Tuesday,1970-01-02 18:33:23.998947,62.09527777777778
Konin,360,Wednesday,1970-01-02 17:25:09.998703,62.62638888888889
Mielec,360,Saturday,1970-01-02 12:41:24.000206,67.80083333333333
Police,620,Friday,1970-01-02 16:13:18.999596,63.91111111111111
Police,360,Wednesday,1970-01-02 15:31:54.999390,41.07527777777778
Mielec,620,Monday,1970-01-02 16:21:32.998123,88.52666666666667
Szczecin,620,Saturday,1970-01-02 09:30:17.000484,8.09
Kutno,620,Wednesday,1970-01-02 22:26:02.000084,44.465
Kutno,360,Monday,1970-01-02 20:53:55.998917,35.5125
Szczecin,516,Saturday,1970-01-02 04:44:35.999594,51.40138888888889
Gdynia,516,Thursday,1970-01-02 07:13:29.000587,52.88722222222222
Warszawa,516,Sunday,1970-01-02 00:01:34.999998,32.089166666666664
Warszawa,516,Tuesday,1970-01-02 21:33:04.002113,21.025833333333335
Szczecin,360,Sunday,1970-01-02 13:02:24.001579,19.1575
Mielec,360,Sunday,1970-01-02 10:05:06.000137,94.685
Police,620,Saturday,1970-01-02 18:29:14.998970,37.85388888888889
Police,360,Wednesday,1970-01-02 06:41:24.999275,49.396388888888886
Kutno,620,Sunday,1970-01-02 20:12:47.999268,60.42805555555555
Police,516,Monday,1970-01-02 00:04:39.999990,32.114444444444445
Warszawa,360,Thursday,1970-01-02 05:02:01.000242,51.87444444444444
Gdynia,516,Monday,1970-01-02 22:59:12.001762,40.42722222222222
Kutno,360,Thursday,1970-01-02 23:38:40.001793,79.76972222222223
Radom,620,Wednesday,1970-01-02 22:29:59.000931,58.399166666666666
Warszawa,620,Wednesday,1970-01-02 02:13:32.000155,34.55555555555556
Konin,360,Tuesday,1970-01-02 16:35:19.001770,40.06166666666667
Radom,360,Wednesday,1970-01-02 19:27:07.001381,38.818333333333335
Gdynia,620,Saturday,1970-01-02 04:59:01.000414,60.85638888888889
Warszawa,516,Friday,1970-01-02 09:18:21.999092,4.833055555555555
Police,620,Thursday,1970-01-02 01:30:51.000166,33.84166666666667
Gdynia,516,Monday,1970-01-02 18:57:54.000549,37.49944444444444
Konin,360,Thursday,1970-01-02 04:08:58.999557,56.22833333333333
Gdynia,360,Sunday,1970-01-02 01:40:41.000104,54.7425
Konin,516,Wednesday,1970-01-02 15:18:42.001076,65.43888888888888
Konin,516,Friday,1970-01-02 18:43:27.998085,64.95166666666667
Mielec,360,Sunday,1970-01-02 02:27:06.000166,64.16
Warszawa,516,Friday,1970-01-02 13:38:51.000137,24.44638888888889
Warszawa,360,Friday,1970-01-02 16:50:17.999268,63.88194444444444
Warszawa,620,Tuesday,1970-01-02 20:41:26.001778,35.31361111111111
Police,620,Thursday,1970-01-02 20:45:01.002502,36.224444444444444
Mielec,620,Monday,1970-01-02 14:22:06.000023,66.13666666666667
Police,620,Sunday,1970-01-02 20:19:29.001961,13.663055555555555
Mielec,620,Saturday,1970-01-02 10:26:54.000607,80.54722222222222
Kutno,360,Tuesday,1970-01-02 02:16:07.000079,53.797777777777775
Warszawa,620,Tuesday,1970-01-02 22:27:23.001938,43.80916666666667
Szczecin,620,Tuesday,1970-01-02 19:19:01.000557,23.57111111111111
Radom,620,Sunday,1970-01-02 13:00:45.001030,43.17472222222222
Police,620,Saturday,1970-01-02 15:11:02.001801,46.824444444444445
Szczecin,620,Friday,1970-01-02 11:48:33.000870,21.06388888888889
Police,360,Wednesday,1970-01-02 02:39:55.000219,56.57694444444444
Kutno,620,Thursday,1970-01-02 07:46:02.999725,31.99361111111111
Mielec,360,Thursday,1970-01-02 16:28:42.000504,88.14083333333333
Konin,620,Wednesday,1970-01-02 20:08:38.999290,61.53138888888889
Gdynia,516,Saturday,1970-01-02 18:58:37.001724,37.58833333333333
Warszawa,516,Wednesday,1970-01-02 19:03:17.997665,18.17361111111111
Radom,360,Thursday,1970-01-02 12:30:51.002312,44.04416666666667
Szczecin,516,Thursday,1970-01-02 14:55:17.000771,24.779166666666665
Konin,516,Saturday,1970-01-02 04:07:05.000095,52.01416666666667
Radom,620,Thursday,1970-01-02 16:24:28.000031,24.86777777777778
Szczecin,620,Friday,1970-01-02 11:02:57.999973,21.849444444444444
Mielec,620,Monday,1970-01-02 15:25:22.998619,47.055277777777775
Konin,516,Friday,1970-01-02 15:48:14.998741,64.57944444444445
Radom,360,Saturday,1970-01-02 10:31:47.999897,45.590555555555554
Szczecin,360,Tuesday,1970-01-02 09:52:22.000580,28.12472222222222
Police,516,Thursday,1970-01-02 06:06:55.999031,26.360277777777778
Gdynia,360,Thursday,1970-01-02 06:33:17.999382,50.50361111111111
Konin,620,Sunday,1970-01-02 10:57:12.999229,31.465
Kutno,360,Sunday,1970-01-02 09:31:26.999702,47.11388888888889
Police,620,Monday,1970-01-02 20:23:29.999084,41.00472222222222
Warszawa,620,Monday,1970-01-02 14:40:38.000107,27.14388888888889
Police,516,Tuesday,1970-01-02 07:29:29.000530,25.303055555555556
Police,360,Friday,1970-01-02 22:58:39.001579,57.30777777777778
Gdynia,620,Tuesday,1970-01-02 18:22:14.998512,38.22666666666667
Warszawa,620,Sunday,1970-01-02 18:31:50.997963,37.977777777777774
Kutno,516,Monday,1970-01-02 07:07:49.999409,25.428333333333335
Mielec,620,Tuesday,1970-01-02 04:15:17.000484,86.08583333333333
Gdynia,516,Tuesday,1970-01-02 13:23:12.997742,23.451666666666668
Konin,516,Wednesday,1970-01-02 21:34:18.999252,44.69583333333333
Kutno,620,Monday,1970-01-02 15:36:25.999489,40.39888888888889
Police,620,Thursday,1970-01-02 13:53:07.001610,18.8275
Police,360,Saturday,1970-01-02 10:13:20.001240,45.83277777777778
Szczecin,620,Sunday,1970-01-02 17:44:58.000145,14.755277777777778
Kutno,620,Sunday,1970-01-02 16:15:27.997971,22.928333333333335
Warszawa,360,Thursday,1970-01-02 15:18:14.001389,41.03777777777778
Kutno,516,Monday,1970-01-02 20:14:58.001862,35.94638888888889
Radom,620,Friday,1970-01-02 13:06:19.998207,67.825
Mielec,516,Saturday,1970-01-02 20:30:18.000412,83.88333333333334
Warszawa,620,Saturday,1970-01-02 10:50:48.998737,69.78583333333333
Radom,620,Saturday,1970-01-02 10:08:30.000801,50.49777777777778
Police,620,Wednesday,1970-01-02 00:38:26.999999,31.98138888888889
Police,360,Saturday,1970-01-02 08:10:12.999344,48.544444444444444
Mielec,516,Friday,1970-01-02 02:34:19.999824,79.3825
Radom,620,Friday,1970-01-02 17:10:38.001823,24.659444444444443
Radom,360,Friday,1970-01-02 15:39:51.998291,64.46583333333334
Warszawa,516,Tuesday,1970-01-02 01:05:43.000138,17.72
Radom,360,Thursday,1970-01-02 18:26:43.001404,46.378055555555555
Radom,620,Friday,1970-01-02 15:43:13.001747,64.72583333333333
Mielec,360,Thursday,1970-01-02 10:10:07.999706,103.35138888888889
Radom,516,Tuesday,1970-01-02 11:38:24.001236,21.143333333333334
Radom,620,Monday,1970-01-02 00:39:29.000065,31.852777777777778
Police,360,Tuesday,1970-01-02 12:31:14.001503,24.940833333333334
Police,516,Tuesday,1970-01-02 03:45:59.000444,28.795
Police,620,Tuesday,1970-01-02 21:51:14.002075,16.7225
Konin,360,Thursday,1970-01-02 18:50:59.000587,85.55166666666666
Warszawa,516,Monday,1970-01-02 00:10:58.000012,18.644444444444446
Warszawa,360,Wednesday,1970-01-02 03:27:52.000265,32.754444444444445
Radom,360,Monday,1970-01-02 21:00:51.997948,59.00055555555556
Police,620,Thursday,1970-01-02 09:34:10.998974,22.888055555555557
Kutno,516,Friday,1970-01-02 02:35:08.000207,29.750555555555554
Warszawa,620,Friday,1970-01-02 15:35:45.001602,65.15861111111111
Szczecin,620,Monday,1970-01-02 09:27:48.000126,22.834444444444443
Police,360,Thursday,1970-01-02 17:47:59.001617,38.6575
Radom,360,Thursday,1970-01-02 02:44:49.999866,31.64388888888889
Szczecin,620,Monday,1970-01-02 12:13:27.000732,20.254444444444445
Police,360,Friday,1970-01-02 12:25:42.001534,20.543055555555554
Radom,360,Monday,1970-01-02 16:15:52.001381,64.48305555555555
Szczecin,620,Friday,1970-01-02 18:27:29.998856,62.50972222222222
Police,620,Friday,1970-01-02 06:57:02.000027,25.156944444444445
Szczecin,516,Friday,1970-01-02 06:17:00.999813,26.68611111111111
Szczecin,360,Saturday,1970-01-02 21:10:03.999138,45.74166666666667
Radom,516,Saturday,1970-01-02 13:06:32.002487,43.64611111111111
Szczecin,360,Monday,1970-01-02 02:24:49.000225,13.631666666666666
Konin,620,Sunday,1970-01-02 09:53:43.998928,70.42083333333333
Kutno,620,Sunday,1970-01-02 00:13:25.000019,41.056666666666665
Gdynia,620,Monday,1970-01-02 15:52:17.999153,40.441944444444445
Police,360,Thursday,1970-01-02 09:36:47.000542,25.75888888888889
Szczecin,516,Saturday,1970-01-02 11:48:34.999008,3.155
Gdynia,360,Wednesday,1970-01-02 18:28:16.002388,43.17527777777778
Radom,620,Wednesday,1970-01-02 06:14:17.999611,26.558888888888887
Szczecin,360,Friday,1970-01-02 08:21:15.001144,24.3375
Radom,360,Tuesday,1970-01-02 13:15:20.000267,67.45361111111112
Konin,360,Thursday,1970-01-02 15:09:02.999268,46.6375
Szczecin,516,Tuesday,1970-01-02 17:01:54.999390,15.406666666666666
Police,516,Sunday,1970-01-02 01:16:28.000059,31.261388888888888
Kutno,360,Sunday,1970-01-02 20:01:06.997719,36.03888888888889
Mielec,516,Sunday,1970-01-02 18:27:07.998734,87.085
Konin,360,Sunday,1970-01-02 08:34:02.000484,72.31388888888888
Szczecin,516,Friday,1970-01-02 16:46:47.999039,15.804722222222223
Warszawa,516,Sunday,1970-01-02 18:29:06.002197,38.21805555555556
Mielec,360,Thursday,1970-01-02 18:59:47.997437,88.5838888888889
Mielec,360,Friday,1970-01-02 09:19:21.000824,71.38527777777777
Warszawa,360,Saturday,1970-01-02 23:18:41.999359,39.51083333333333
Mielec,516,Wednesday,1970-01-02 18:57:15.000801,110.02916666666667
Kutno,360,Friday,1970-01-02 05:45:42.000389,74.31388888888888
Szczecin,620,Sunday,1970-01-02 13:56:06.998863,42.21194444444444
Police,620,Thursday,1970-01-02 08:34:46.999798,33.57277777777778
Gdynia,360,Saturday,1970-01-02 05:26:37.000122,50.75138888888889
Szczecin,620,Tuesday,1970-01-02 04:15:10.999632,4.191944444444444
Radom,620,Thursday,1970-01-02 17:43:27.002449,38.35805555555555
Warszawa,516,Tuesday,1970-01-02 14:05:34.001541,27.22222222222222
Szczecin,516,Friday,1970-01-02 09:08:45.000572,23.625555555555554
Konin,516,Monday,1970-01-02 09:42:42.998772,46.87
Kutno,360,Saturday,1970-01-02 10:21:30.999985,45.922222222222224
Konin,360,Friday,1970-01-02 13:02:19.001083,67.65055555555556
Police,516,Wednesday,1970-01-02 00:51:15.999892,40.6825
Police,516,Monday,1970-01-02 05:16:56.000175,35.26277777777778
Police,620,Sunday,1970-01-02 22:39:14.998398,34.2
Police,516,Tuesday,1970-01-02 06:03:29.001160,29.944166666666668
Police,516,Tuesday,1970-01-02 07:47:09.000092,48.42111111111111
Gdynia,620,Thursday,1970-01-02 14:26:08.001366,42.43277777777778
Kutno,516,Friday,1970-01-02 10:59:44.999371,27.503888888888888
Gdynia,360,Wednesday,1970-01-02 02:15:24.999905,54.025555555555556
Police,516,Friday,1970-01-02 10:16:57.999172,27.299722222222222
Mielec,516,Wednesday,1970-01-02 09:47:07.999306,73.57555555555555
Warszawa,360,Wednesday,1970-01-02 23:40:49.000168,33.31805555555555
Szczecin,360,Sunday,1970-01-02 06:42:41.000633,25.890555555555554
Radom,516,Sunday,1970-01-02 00:52:09.000127,31.50888888888889
Warszawa,516,Thursday,1970-01-02 07:28:59.000130,24.60333333333333
Szczecin,516,Friday,1970-01-02 01:06:12.999895,10.913333333333334
Konin,620,Wednesday,1970-01-02 14:21:50.998535,66.20944444444444
Police,516,Monday,1970-01-02 15:05:36.001396,41.25277777777778
Police,516,Monday,1970-01-02 09:07:44.000702,23.238333333333333
Szczecin,360,Saturday,1970-01-02 14:09:24.997673,42.303333333333335
Gdynia,516,Saturday,1970-01-02 04:09:49.999723,55.31527777777778
Radom,620,Thursday,1970-01-02 04:52:42.999487,28.96
Mielec,620,Saturday,1970-01-02 22:30:43.001175,63.34388888888889
Warszawa,360,Monday,1970-01-02 00:16:02.999967,32.61277777777778
Szczecin,360,Friday,1970-01-02 00:16:41.000002,14.102777777777778
Radom,360,Saturday,1970-01-02 10:24:11.000404,46.83361111111111
Warszawa,360,Saturday,1970-01-02 20:45:40.002251,35.46611111111111
Gdynia,620,Thursday,1970-01-02 22:34:36.000595,38.95861111111111
Mielec,360,Wednesday,1970-01-02 07:12:07.998734,73.3575
Szczecin,620,Sunday,1970-01-02 09:11:45.999470,22.98138888888889
Radom,360,Saturday,1970-01-02 17:26:33.997765,45.52472222222222
Police,620,Wednesday,1970-01-02 18:08:03.997536,24.466944444444444
Gdynia,360,Wednesday,1970-01-02 08:19:14.000473,50.965
Police,360,Monday,1970-01-02 00:53:46.999998,31.787777777777777
Kutno,620,Friday,1970-01-02 23:16:57.998314,57.521388888888886
Radom,620,Monday,1970-01-02 21:32:22.999077,43.03611111111111
Gdynia,360,Wednesday,1970-01-02 02:12:34.000068,54.52
Szczecin,516,Friday,1970-01-02 05:23:31.999798,7.706944444444445
Gdynia,620,Tuesday,1970-01-02 11:46:43.000259,45.1175
Konin,516,Wednesday,1970-01-02 11:27:13.999157,55.240833333333335
Warszawa,620,Friday,1970-01-02 13:38:52.998276,66.53361111111111
Szczecin,360,Wednesday,1970-01-02 06:08:26.999302,26.605833333333333
Konin,620,Wednesday,1970-01-02 21:39:32.001457,59.22805555555556
Mielec,516,Sunday,1970-01-02 11:23:26.999302,69.13083333333333
Gdynia,620,Thursday,1970-01-02 18:23:47.000427,38.59444444444444
Radom,620,Saturday,1970-01-02 01:43:16.999741,55.05555555555556
Gdynia,360,Sunday,1970-01-02 23:08:10.999603,41.225
Radom,516,Tuesday,1970-01-02 13:25:07.998848,19.06222222222222
Gdynia,360,Friday,1970-01-02 13:45:44.001961,66.43583333333333
Radom,360,Saturday,1970-01-02 04:36:28.999701,51.66027777777778
Szczecin,516,Thursday,1970-01-02 11:33:02.998753,20.77
Radom,360,Monday,1970-01-02 06:30:04.998779,49.75694444444444
Police,620,Friday,1970-01-02 02:48:09.999747,29.988055555555555
Szczecin,620,Thursday,1970-01-02 14:23:46.998711,17.850555555555555
Szczecin,516,Tuesday,1970-01-02 23:36:34.999695,18.735277777777778
Warszawa,360,Saturday,1970-01-02 21:24:14.001045,40.94027777777778
Radom,360,Saturday,1970-01-02 03:11:35.999765,53.70361111111111
Police,620,Friday,1970-01-02 00:50:16.000056,31.274444444444445
Mielec,516,Sunday,1970-01-02 04:28:07.999964,75.80444444444444
Gdynia,620,Thursday,1970-01-02 02:37:34.000139,29.77
Szczecin,360,Tuesday,1970-01-02 00:40:33.000040,31.554166666666667
Police,620,Saturday,1970-01-02 23:48:57.998199,32.42527777777778
Mielec,360,Wednesday,1970-01-02 01:16:23.999920,79.62916666666666
Warszawa,360,Saturday,1970-01-02 11:32:34.999065,53.74611111111111
Police,360,Monday,1970-01-02 20:32:08.001022,35.84888888888889
Gdynia,360,Friday,1970-01-02 03:56:24.000635,77.49222222222222
Police,516,Thursday,1970-01-02 07:26:32.000484,33.64277777777778
Police,620,Monday,1970-01-02 14:16:29.998627,17.878055555555555
Warszawa,516,Friday,1970-01-02 15:38:56.997986,17.025277777777777
Konin,620,Saturday,1970-01-02 03:23:18.000383,53.42527777777778
Police,620,Tuesday,1970-01-02 17:11:07.000580,20.509444444444444
Police,516,Tuesday,1970-01-02 19:20:41.999245,18.289722222222224
Warszawa,516,Sunday,1970-01-02 22:10:37.001038,15.1825
Konin,620,Wednesday,1970-01-02 13:56:26.001778,45.711666666666666
Szczecin,516,Thursday,1970-01-02 21:16:13.000717,13.55861111111111
Police,360,Sunday,1970-01-02 07:31:00.000801,29.73111111111111
Gdynia,620,Tuesday,1970-01-02 12:20:06.000137,44.85138888888889
Radom,360,Sunday,1970-01-02 19:43:51.998062,39.85583333333334
Police,620,Tuesday,1970-01-02 22:24:59.002075,16.895
Mielec,516,Tuesday,1970-01-02 21:04:04.998550,83.90722222222222
Warszawa,516,Friday,1970-01-02 06:31:32.000198,25.88138888888889
Warszawa,360,Tuesday,1970-01-02 20:02:47.002487,37.40972222222222
Warszawa,516,Thursday,1970-01-02 22:43:03.002472,33.45333333333333
Warszawa,360,Sunday,1970-01-02 16:54:00.997696,24.151666666666667
Warszawa,516,Friday,1970-01-02 02:14:15.999756,14.115833333333333
Kutno,360,Sunday,1970-01-02 17:16:59.002533,63.19583333333333
Mielec,620,Monday,1970-01-02 19:45:46.000099,62.26083333333333
Konin,360,Tuesday,1970-01-02 23:24:59.997711,67.45722222222223
Warszawa,620,Sunday,1970-01-02 08:04:18.999252,48.58138888888889
Radom,516,Wednesday,1970-01-02 08:22:17.999153,23.740833333333335
Konin,360,Friday,1970-01-02 10:12:01.999168,72.7911111111111
Police,360,Friday,1970-01-02 16:06:00.001373,22.049722222222222
Kutno,620,Wednesday,1970-01-02 17:43:52.998848,38.86
Szczecin,620,Friday,1970-01-02 20:45:21.998405,65.27277777777778
Kutno,516,Saturday,1970-01-02 19:29:47.001801,37.48388888888889
Kutno,620,Wednesday,1970-01-02 14:03:46.998138,66.18611111111112
Mielec,516,Wednesday,1970-01-02 22:41:04.999008,106.24972222222222
Gdynia,620,Wednesday,1970-01-02 00:41:56.000032,32.22888888888889
Police,360,Friday,1970-01-02 14:11:02.999153,24.843055555555555
Warszawa,620,Friday,1970-01-02 19:40:06.002426,61.20666666666666
Konin,516,Thursday,1970-01-02 11:15:27.999687,44.9375
Warszawa,620,Sunday,1970-01-02 15:10:47.000313,41.22972222222222
Mielec,360,Thursday,1970-01-02 10:48:21.000023,103.30916666666667
Radom,360,Friday,1970-01-02 19:01:50.002327,61.986666666666665
Kutno,516,Saturday,1970-01-02 20:11:50.001755,38.14111111111111
Szczecin,620,Tuesday,1970-01-02 18:27:51.998978,15.778611111111111
Police,516,Thursday,1970-01-02 23:31:51.001396,32.56944444444444
Mielec,620,Saturday,1970-01-02 17:54:10.001335,67.71888888888888
Konin,516,Saturday,1970-01-02 04:27:51.999407,52.49305555555556
Radom,360,Saturday,1970-01-02 02:32:06.000309,59.27583333333333
Mielec,620,Thursday,1970-01-02 11:07:20.000725,93.74111111111111
Gdynia,620,Monday,1970-01-02 00:39:11.999956,55.61611111111111
Konin,620,Thursday,1970-01-02 19:15:42.999458,42.44916666666666
Szczecin,516,Saturday,1970-01-02 04:49:38.000450,51.96
Kutno,360,Tuesday,1970-01-02 14:44:30.999527,41.98916666666667
Konin,360,Saturday,1970-01-02 10:25:34.999466,46.10861111111111
Kutno,360,Wednesday,1970-01-02 23:01:11.998215,33.5375
Kutno,360,Saturday,1970-01-02 10:25:23.000336,46.04638888888889
Szczecin,620,Thursday,1970-01-02 08:29:15.998898,26.010833333333334
Kutno,620,Monday,1970-01-02 06:33:55.000992,50.354166666666664
Police,620,Sunday,1970-01-02 04:05:49.000025,28.880555555555556
Warszawa,516,Saturday,1970-01-02 02:06:26.000133,53.95194444444444
Konin,516,Saturday,1970-01-02 18:12:04.000740,62.68833333333333
Police,360,Tuesday,1970-01-02 16:11:20.002213,40.26555555555556
Gdynia,620,Wednesday,1970-01-02 02:28:27.999802,54.181666666666665
Kutno,360,Wednesday,1970-01-02 11:00:45.999241,45.5375
Kutno,360,Wednesday,1970-01-02 02:27:46.000271,54.09388888888889
Kutno,620,Thursday,1970-01-02 19:44:57.998428,44.00805555555556
Warszawa,620,Monday,1970-01-02 04:40:39.000034,51.36
Konin,360,Tuesday,1970-01-02 16:48:36.001511,44.547222222222224
Police,620,Thursday,1970-01-02 13:19:41.998444,20.575277777777778
Konin,360,Monday,1970-01-02 05:40:10.000420,60.54694444444444
Konin,620,Saturday,1970-01-02 18:10:56.002235,61.800555555555555
Szczecin,620,Wednesday,1970-01-02 15:55:57.001305,18.00583333333333
Radom,516,Sunday,1970-01-02 15:22:13.000374,16.91638888888889
Szczecin,516,Saturday,1970-01-02 05:32:18.999796,3.231388888888889
Szczecin,516,Sunday,1970-01-02 18:53:17.999954,16.399444444444445
Warszawa,516,Tuesday,1970-01-02 17:36:19.998207,15.385833333333334
Szczecin,620,Saturday,1970-01-02 13:31:06.000366,43.06583333333333
Warszawa,516,Tuesday,1970-01-02 19:28:37.999077,37.45638888888889
Mielec,516,Tuesday,1970-01-02 07:35:32.999039,72.445
Gdynia,516,Wednesday,1970-01-02 19:35:06.997490,39.986666666666665
Police,360,Tuesday,1970-01-02 07:03:21.000023,25.28472222222222
Kutno,516,Monday,1970-01-02 11:35:36.000538,29.506944444444443
Warszawa,516,Wednesday,1970-01-02 23:39:36.001167,9.636944444444444
Radom,516,Thursday,1970-01-02 01:57:01.999812,30.05472222222222
Mielec,516,Thursday,1970-01-02 20:53:48.001213,83.52638888888889
Szczecin,620,Saturday,1970-01-02 13:02:53.000336,44.531666666666666
Konin,360,Friday,1970-01-02 18:20:11.000633,62.14138888888889
Szczecin,516,Saturday,1970-01-02 12:08:33.001442,43.249722222222225
Konin,360,Thursday,1970-01-02 04:06:18.000069,52.679722222222225
Warszawa,516,Thursday,1970-01-02 12:24:21.998749,20.253055555555555
Konin,516,Tuesday,1970-01-02 22:36:45.998039,41.435
Mielec,360,Sunday,1970-01-02 10:15:14.999771,70.31666666666666
Konin,516,Monday,1970-01-02 06:58:05.000610,49.76138888888889
Radom,620,Saturday,1970-01-02 06:54:37.001095,49.409166666666664
Szczecin,360,Monday,1970-01-02 02:52:08.000307,30.041944444444443
Police,620,Saturday,1970-01-02 11:51:03.000298,44.73694444444445
Police,360,Thursday,1970-01-02 05:29:36.999950,27.26222222222222
Police,516,Saturday,1970-01-02 11:44:03.998909,44.98916666666667
Police,620,Monday,1970-01-02 18:16:10.997429,22.67222222222222
Mielec,620,Saturday,1970-01-02 13:58:05.002327,68.36416666666666
Gdynia,360,Sunday,1970-01-02 11:17:31.001072,68.80722222222222
Kutno,360,Thursday,1970-01-02 20:44:07.001266,36.403888888888886
Szczecin,620,Wednesday,1970-01-02 21:14:39.000664,15.019722222222223
Gdynia,516,Sunday,1970-01-02 19:18:22.000809,39.540277777777774
Police,516,Monday,1970-01-02 12:07:22.999649,30.74138888888889
Warszawa,516,Thursday,1970-01-02 23:05:45.001602,33.6575
Kutno,516,Tuesday,1970-01-02 04:54:12.000332,31.40111111111111
Police,360,Wednesday,1970-01-02 18:04:41.001091,41.33583333333333
Mielec,620,Tuesday,1970-01-02 01:30:15.999913,58.83861111111111
Szczecin,360,Thursday,1970-01-02 23:58:33.997650,32.928333333333335
Szczecin,516,Tuesday,1970-01-02 00:57:06.999879,31.765833333333333
Warszawa,360,Friday,1970-01-02 13:25:57.998657,25.87611111111111
Radom,360,Sunday,1970-01-02 15:39:33.999596,43.90222222222222
Szczecin,360,Monday,1970-01-02 03:12:43.999557,14.998055555555556
Radom,620,Monday,1970-01-02 21:32:09.001808,45.151666666666664
Police,620,Monday,1970-01-02 16:42:14.001732,21.127777777777776
Warszawa,620,Monday,1970-01-02 13:18:54.001923,43.17805555555555
Police,516,Sunday,1970-01-02 19:17:58.002548,36.943888888888885
Radom,360,Sunday,1970-01-02 17:46:02.002373,63.018055555555556
Police,516,Sunday,1970-01-02 18:26:22.999420,37.81361111111111
Mielec,360,Friday,1970-01-02 13:06:45.000687,72.06833333333333
Szczecin,620,Tuesday,1970-01-02 13:27:14.000015,19.309444444444445
Kutno,516,Tuesday,1970-01-02 17:35:55.999947,38.469722222222224
Warszawa,360,Monday,1970-01-02 14:58:18.002243,25.1275
Radom,620,Friday,1970-01-02 08:04:15.999470,72.42666666666666
Radom,360,Sunday,1970-01-02 09:12:54.999619,30.191111111111113
Szczecin,516,Wednesday,1970-01-02 18:36:14.000359,37.43666666666667
Warszawa,516,Sunday,1970-01-02 11:40:02.000141,30.26888888888889
Police,360,Friday,1970-01-02 03:21:19.999495,34.808055555555555
Mielec,516,Monday,1970-01-02 13:48:04.999466,66.27111111111111
Radom,620,Monday,1970-01-02 17:16:57.998314,45.295833333333334
Police,516,Sunday,1970-01-02 03:27:16.999369,29.349722222222223
Gdynia,516,Thursday,1970-01-02 03:10:22.000408,36.276666666666664
Radom,516,Thursday,1970-01-02 17:40:44.998741,23.5225
Police,620,Wednesday,1970-01-02 11:14:32.999382,20.974166666666665
Konin,516,Wednesday,1970-01-02 14:05:19.000053,43.07333333333333
Konin,360,Sunday,1970-01-02 13:30:09.001923,42.93416666666667
Radom,516,Sunday,1970-01-02 02:26:48.000183,40.051944444444445
Warszawa,360,Sunday,1970-01-02 22:54:04.999123,33.53666666666667
Radom,516,Friday,1970-01-02 02:41:41.000047,29.70777777777778
Mielec,516,Tuesday,1970-01-02 21:19:04.001198,63.464444444444446
Kutno,516,Wednesday,1970-01-02 12:01:48.002472,44.85583333333334
Warszawa,620,Wednesday,1970-01-02 09:51:13.999500,24.20861111111111
Police,360,Monday,1970-01-02 18:55:01.001930,37.69444444444444
Konin,516,Wednesday,1970-01-02 15:44:00.998268,65.1361111111111
Police,516,Friday,1970-01-02 08:44:47.000084,32.166666666666664
Szczecin,620,Thursday,1970-01-02 06:36:41.000977,11.908333333333333
Szczecin,516,Tuesday,1970-01-02 23:46:27.998772,14.472222222222221
Warszawa,620,Monday,1970-01-02 17:37:22.002296,63.49027777777778
Gdynia,620,Friday,1970-01-02 21:21:30.998268,58.83416666666667
Konin,360,Thursday,1970-01-02 14:22:01.998596,41.76416666666667
Szczecin,516,Wednesday,1970-01-02 17:55:18.998909,14.100833333333334
Radom,620,Saturday,1970-01-02 20:22:40.998344,38.18333333333333
Szczecin,360,Tuesday,1970-01-02 14:52:54.999046,27.462222222222223
Mielec,360,Tuesday,1970-01-02 04:26:31.000128,76.31694444444445
Gdynia,360,Thursday,1970-01-02 19:06:12.999573,42.528055555555554
Mielec,516,Saturday,1970-01-02 08:19:52.001152,72.2675
Gdynia,516,Friday,1970-01-02 13:17:48.001556,67.37472222222222
Szczecin,516,Sunday,1970-01-02 22:51:53.997459,33.87583333333333
Konin,516,Sunday,1970-01-02 19:00:16.002274,38.87027777777778
Szczecin,516,Wednesday,1970-01-02 04:21:50.999393,28.557777777777776
Gdynia,620,Wednesday,1970-01-02 09:36:14.000359,48.60138888888889
Szczecin,360,Thursday,1970-01-02 16:58:05.002327,39.78194444444444
Warszawa,516,Thursday,1970-01-02 00:52:38.999884,31.184444444444445
Warszawa,620,Sunday,1970-01-02 04:10:17.000341,52.11944444444445
Police,360,Sunday,1970-01-02 05:24:56.000147,29.840555555555557
Police,360,Saturday,1970-01-02 10:06:42.000904,50.75472222222222
Konin,620,Monday,1970-01-02 19:12:13.998299,61.092777777777776
Radom,360,Thursday,1970-01-02 23:29:28.999672,80.3536111111111
Szczecin,516,Friday,1970-01-02 18:19:39.998589,17.479444444444443
Gdynia,516,Monday,1970-01-02 22:56:44.999542,38.15222222222222
Police,360,Wednesday,1970-01-02 00:37:33.999925,56.10916666666667
Radom,516,Sunday,1970-01-02 15:01:46.998253,41.200833333333335
Kutno,360,Friday,1970-01-02 00:21:19.999977,83.30055555555556
Mielec,620,Friday,1970-01-02 01:33:12.999959,79.09777777777778
Gdynia,516,Wednesday,1970-01-02 13:19:13.998756,43.532222222222224
Radom,620,Saturday,1970-01-02 08:25:22.999477,51.4775
Mielec,360,Thursday,1970-01-02 08:01:10.999146,96.53111111111112
Szczecin,516,Tuesday,1970-01-02 08:20:54.000092,24.543055555555554
Radom,360,Friday,1970-01-02 18:06:16.000214,69.99083333333333
Mielec,620,Monday,1970-01-02 11:08:29.000874,69.51555555555555
Warszawa,516,Thursday,1970-01-02 02:42:52.000265,14.95
Police,516,Sunday,1970-01-02 05:16:36.999836,27.253888888888888
Warszawa,516,Monday,1970-01-02 13:47:03.999596,23.31361111111111
Gdynia,620,Saturday,1970-01-02 07:49:43.000946,54.609722222222224
Warszawa,516,Friday,1970-01-02 06:44:51.000652,7.903611111111111
Konin,620,Thursday,1970-01-02 00:33:14.999921,56.14805555555556
Radom,360,Thursday,1970-01-02 16:31:22.999992,50.43555555555555
Konin,360,Tuesday,1970-01-02 00:28:47.999961,56.06388888888889
Mielec,516,Saturday,1970-01-02 07:45:24.999046,72.93
Mielec,516,Saturday,1970-01-02 13:21:56.002464,67.37611111111111
Szczecin,516,Monday,1970-01-02 20:38:02.001114,11.59361111111111
Szczecin,620,Monday,1970-01-02 08:55:53.000736,23.664166666666667
Kutno,360,Sunday,1970-01-02 13:38:28.000946,42.93055555555556
Warszawa,516,Wednesday,1970-01-02 18:31:32.999268,38.094166666666666
Mielec,516,Sunday,1970-01-02 01:29:03.999982,65.35722222222222
Radom,360,Sunday,1970-01-02 06:06:27.999344,50.715555555555554
Konin,516,Friday,1970-01-02 21:39:00.000343,59.304722222222225
Warszawa,620,Monday,1970-01-02 16:38:17.999954,40.31194444444444
Police,360,Friday,1970-01-02 19:37:28.999214,64.3861111111111
Warszawa,620,Sunday,1970-01-02 19:06:12.999573,37.283611111111114
Warszawa,620,Friday,1970-01-02 10:56:55.999603,25.30666666666667
Police,620,Tuesday,1970-01-02 15:03:25.998802,17.29361111111111
Mielec,360,Saturday,1970-01-02 04:07:05.000095,59.596111111111114
Radom,360,Friday,1970-01-02 07:05:25.000477,73.4588888888889
Kutno,620,Tuesday,1970-01-02 09:37:51.999264,23.33361111111111
Police,360,Saturday,1970-01-02 04:35:01.999569,52.25833333333333
Mielec,620,Friday,1970-01-02 09:41:34.001198,70.56805555555556
Gdynia,516,Friday,1970-01-02 23:45:31.000328,58.665277777777774
Police,620,Saturday,1970-01-02 03:04:38.000021,53.1875
Gdynia,516,Thursday,1970-01-02 19:29:54.999504,84.00333333333333
Szczecin,516,Monday,1970-01-02 12:52:17.000084,19.548333333333332
Warszawa,516,Sunday,1970-01-02 08:01:32.000198,24.15888888888889
Gdynia,620,Thursday,1970-01-02 00:03:00.000009,33.715833333333336
Police,620,Thursday,1970-01-02 08:39:56.999645,24.032777777777778
Szczecin,620,Tuesday,1970-01-02 15:30:09.999275,19.002777777777776
Mielec,360,Wednesday,1970-01-02 20:26:40.002480,108.03944444444444
Warszawa,516,Saturday,1970-01-02 09:31:48.999825,46.87555555555556
Mielec,516,Saturday,1970-01-02 13:42:27.999001,76.78527777777778
Mielec,360,Sunday,1970-01-02 18:23:03.000183,86.40638888888888
Szczecin,360,Saturday,1970-01-02 08:54:52.000866,47.12083333333333
Szczecin,516,Saturday,1970-01-02 15:25:47.002029,40.94888888888889
Police,516,Friday,1970-01-02 13:27:23.001938,67.37472222222222
Warszawa,620,Tuesday,1970-01-02 01:16:12.999859,54.998333333333335
Police,360,Tuesday,1970-01-02 22:44:17.000542,33.76861111111111
Kutno,516,Thursday,1970-01-02 16:10:41.002464,40.75833333333333
Police,620,Wednesday,1970-01-02 10:25:28.000832,22.276944444444446
Police,516,Friday,1970-01-02 04:14:23.999605,32.28472222222222
Warszawa,360,Friday,1970-01-02 17:16:49.001541,63.280277777777776
Radom,620,Monday,1970-01-02 03:32:05.000381,31.692777777777778
Warszawa,360,Sunday,1970-01-02 23:53:30.002518,42.1675
Police,516,Monday,1970-01-02 22:16:03.001442,34.5225
Radom,620,Saturday,1970-01-02 13:31:16.001358,42.82888888888889
Radom,620,Saturday,1970-01-02 10:46:03.998795,46.59
Szczecin,620,Saturday,1970-01-02 05:15:00.000000,51.41166666666667
Gdynia,516,Sunday,1970-01-02 02:24:47.000155,33.318888888888885
Konin,620,Wednesday,1970-01-02 18:52:02.997665,42.3
Konin,516,Tuesday,1970-01-02 09:32:03.998737,70.86833333333334
Gdynia,360,Wednesday,1970-01-02 21:48:35.999794,58.585
Kutno,360,Monday,1970-01-02 02:50:03.999853,35.55916666666667
Konin,620,Friday,1970-01-02 09:42:53.998833,80.97333333333333
Szczecin,620,Monday,1970-01-02 00:43:48.999943,7.761666666666667
Konin,516,Monday,1970-01-02 22:13:52.998848,43.70305555555556
Gdynia,516,Saturday,1970-01-02 14:26:20.000496,41.621944444444445
Szczecin,620,Tuesday,1970-01-02 21:52:15.001945,18.09722222222222
Gdynia,620,Saturday,1970-01-02 00:47:16.999941,55.2375
Police,620,Thursday,1970-01-02 11:35:31.999111,23.85611111111111
Police,360,Friday,1970-01-02 08:15:50.998878,34.05888888888889
Konin,360,Thursday,1970-01-02 13:07:03.998451,91.21694444444445
Gdynia,620,Tuesday,1970-01-02 11:18:19.000168,45.47027777777778
Gdynia,620,Thursday,1970-01-02 01:34:20.999751,54.81388888888889
Police,360,Monday,1970-01-02 06:32:38.999634,25.809166666666666
Warszawa,516,Sunday,1970-01-02 04:08:33.999653,27.9775
Warszawa,620,Saturday,1970-01-02 12:39:05.000839,53.651666666666664
Konin,620,Saturday,1970-01-02 12:29:32.997665,53.812222222222225
Radom,516,Monday,1970-01-02 06:18:10.999031,26.08277777777778
Police,516,Wednesday,1970-01-02 16:45:44.001961,21.98
Gdynia,620,Saturday,1970-01-02 01:58:10.999961,64.89916666666667
Konin,360,Saturday,1970-01-02 19:57:00.001030,61.062222222222225
Szczecin,516,Sunday,1970-01-02 10:05:44.999886,22.870277777777776
Mielec,360,Wednesday,1970-01-02 16:53:10.997887,112.10111111111111
Gdynia,620,Friday,1970-01-02 04:24:33.000526,76.12833333333333
Radom,620,Thursday,1970-01-02 23:07:00.997810,40.169444444444444
Kutno,620,Saturday,1970-01-02 20:43:46.000214,40.87611111111111
Radom,620,Friday,1970-01-02 12:48:11.002464,26.071666666666665
Radom,620,Thursday,1970-01-02 14:08:19.002457,47.754444444444445
Police,360,Saturday,1970-01-02 10:36:13.999500,47.40833333333333
Szczecin,516,Sunday,1970-01-02 15:26:05.999794,23.328333333333333
Szczecin,360,Monday,1970-01-02 08:03:26.998730,24.18027777777778
Mielec,516,Friday,1970-01-02 15:42:23.001938,65.90694444444445
Warszawa,360,Monday,1970-01-02 22:56:45.998611,34.0375
Konin,620,Wednesday,1970-01-02 14:03:22.999878,42.240833333333335
Konin,360,Saturday,1970-01-02 05:40:50.000525,51.31111111111111
Warszawa,620,Thursday,1970-01-02 09:34:54.999218,22.755
Police,360,Sunday,1970-01-02 14:48:21.001740,65.95555555555555
Police,360,Monday,1970-01-02 01:20:22.999871,30.693055555555556
Warszawa,620,Friday,1970-01-02 02:05:01.999784,30.26638888888889
Police,360,Thursday,1970-01-02 15:40:51.999092,40.52333333333333
Konin,516,Wednesday,1970-01-02 23:35:01.998711,56.78055555555556
Radom,360,Sunday,1970-01-02 08:06:34.998837,72.69472222222223
Szczecin,620,Friday,1970-01-02 10:23:54.999847,22.160833333333333
Police,516,Tuesday,1970-01-02 06:09:10.999546,30.37388888888889
Kutno,516,Thursday,1970-01-02 06:21:51.999321,25.65111111111111
Radom,360,Wednesday,1970-01-02 05:20:37.999535,51.25472222222222
Szczecin,360,Saturday,1970-01-02 16:12:32.002144,40.555
Radom,516,Thursday,1970-01-02 16:53:59.998627,21.85611111111111
Warszawa,620,Sunday,1970-01-02 07:07:02.999382,49.57138888888889
Warszawa,360,Saturday,1970-01-02 10:57:03.000813,45.22027777777778
Warszawa,516,Monday,1970-01-02 00:49:29.000030,31.196666666666665
Police,516,Tuesday,1970-01-02 08:14:29.000530,48.54055555555556
Police,620,Friday,1970-01-02 12:02:01.000671,68.75222222222222
Warszawa,516,Sunday,1970-01-02 23:53:55.998917,32.83611111111111
Konin,620,Saturday,1970-01-02 18:06:22.998848,62.32055555555556
Szczecin,516,Friday,1970-01-02 20:47:37.001495,18.67361111111111
Szczecin,620,Saturday,1970-01-02 16:45:40.999603,40.219166666666666
Konin,516,Sunday,1970-01-02 14:16:37.002411,65.76555555555555
Radom,516,Monday,1970-01-02 22:06:18.999138,34.11694444444444
Kutno,516,Tuesday,1970-01-02 01:56:50.999751,30.393333333333334
Mielec,360,Tuesday,1970-01-02 19:31:28.000488,66.00416666666666
Warszawa,360,Wednesday,1970-01-02 00:58:47.999854,34.41222222222222
Mielec,620,Saturday,1970-01-02 18:59:57.998428,85.1875
Gdynia,620,Monday,1970-01-02 18:39:39.000092,38.75666666666667
Konin,360,Sunday,1970-01-02 03:25:46.000385,53.669444444444444
Szczecin,620,Monday,1970-01-02 18:32:03.002243,14.790833333333333
Police,516,Tuesday,1970-01-02 21:25:21.999550,35.528888888888886
Radom,620,Saturday,1970-01-02 07:31:03.999653,48.54222222222222
Police,516,Saturday,1970-01-02 09:38:26.001091,50.08833333333333
Police,620,Tuesday,1970-01-02 21:29:41.999588,35.27027777777778
Radom,360,Monday,1970-01-02 23:34:07.997475,57.172222222222224
Szczecin,516,Thursday,1970-01-02 04:38:53.999920,27.57111111111111
Konin,516,Tuesday,1970-01-02 21:02:00.001602,59.435833333333335
Warszawa,360,Thursday,1970-01-02 03:07:40.999632,29.139444444444443
Konin,360,Monday,1970-01-02 13:20:24.000549,47.26166666666666
Konin,620,Friday,1970-01-02 22:54:08.001480,57.890277777777776
Gdynia,620,Thursday,1970-01-02 09:20:41.001034,46.86527777777778
Radom,360,Sunday,1970-01-02 21:51:28.998413,42.92583333333334
Gdynia,516,Sunday,1970-01-02 12:50:22.998047,43.545833333333334
Szczecin,516,Sunday,1970-01-02 12:00:49.000740,44.11805555555556
Police,516,Friday,1970-01-02 23:11:17.001572,16.50138888888889
Police,516,Monday,1970-01-02 10:04:49.000511,46.77583333333333
Gdynia,516,Sunday,1970-01-02 15:25:17.998123,43.31861111111111
Radom,360,Sunday,1970-01-02 18:01:34.999123,39.89083333333333
Police,360,Wednesday,1970-01-02 09:01:59.999027,31.63361111111111
Police,360,Monday,1970-01-02 13:18:19.997520,43.46472222222222
Radom,360,Friday,1970-01-02 00:13:53.999982,42.126666666666665
Warszawa,516,Saturday,1970-01-02 16:37:37.002068,45.525
Warszawa,360,Tuesday,1970-01-02 07:07:52.999191,26.15388888888889
Kutno,360,Friday,1970-01-02 09:28:51.999779,70.9775
Kutno,360,Wednesday,1970-01-02 11:29:12.999115,53.55722222222222
Gdynia,360,Saturday,1970-01-02 19:41:02.001801,46.99166666666667
Konin,516,Monday,1970-01-02 11:07:14.001160,52.70583333333333
Police,360,Tuesday,1970-01-02 20:40:32.000542,38.275
Konin,620,Friday,1970-01-02 15:56:09.000435,64.18777777777778
Police,516,Thursday,1970-01-02 21:28:12.000961,34.590555555555554
Radom,516,Monday,1970-01-02 09:42:21.001225,47.09444444444444
Police,516,Thursday,1970-01-02 16:58:33.002014,39.3525
Konin,360,Tuesday,1970-01-02 20:23:25.997658,60.49472222222222
Police,516,Tuesday,1970-01-02 23:13:38.998146,33.044444444444444
Konin,516,Friday,1970-01-02 08:38:55.999775,77.79055555555556
Police,620,Monday,1970-01-02 22:51:45.999756,33.16361111111111
Warszawa,516,Saturday,1970-01-02 22:10:30.002403,34.40138888888889
Police,360,Sunday,1970-01-02 05:17:05.999880,28.895
Gdynia,516,Monday,1970-01-02 16:56:00.999298,41.14527777777778
Szczecin,360,Sunday,1970-01-02 07:08:11.999531,28.711388888888887
Radom,620,Sunday,1970-01-02 08:25:05.999851,48.498333333333335
Konin,620,Saturday,1970-01-02 00:14:57.000003,56.019444444444446
Konin,620,Tuesday,1970-01-02 22:22:39.997559,58.27583333333333
Mielec,360,Friday,1970-01-02 09:12:35.999279,80.86138888888888
Police,516,Monday,1970-01-02 20:57:39.002495,21.269444444444446
Radom,620,Wednesday,1970-01-02 08:08:02.999325,48.82833333333333
Radom,360,Wednesday,1970-01-02 09:57:29.000645,48.43805555555556
Radom,360,Tuesday,1970-01-02 22:34:57.001648,39.833888888888886
Szczecin,620,Friday,1970-01-02 01:16:23.999920,31.045
Mielec,360,Thursday,1970-01-02 11:12:52.999763,92.8561111111111
Konin,516,Monday,1970-01-02 11:59:43.000374,68.37194444444444
Warszawa,516,Tuesday,1970-01-02 07:53:50.999279,48.638333333333335
Szczecin,620,Monday,1970-01-02 06:59:59.999142,25.39027777777778
Szczecin,516,Saturday,1970-01-02 23:39:10.998688,41.07
Mielec,516,Thursday,1970-01-02 04:24:16.999969,60.100833333333334
Radom,516,Wednesday,1970-01-02 03:31:26.999702,35.46333333333333
Warszawa,516,Sunday,1970-01-02 09:24:01.999340,47.45333333333333
Kutno,516,Saturday,1970-01-02 14:58:09.999390,41.22083333333333
Warszawa,620,Saturday,1970-01-02 00:04:34.999997,18.663333333333334
Police,516,Saturday,1970-01-02 23:53:58.002205,32.486666666666665
Szczecin,620,Thursday,1970-01-02 23:09:12.998543,32.943888888888885
Szczecin,360,Thursday,1970-01-02 05:05:45.999384,7.460555555555556
Szczecin,516,Friday,1970-01-02 06:07:14.000301,26.580833333333334
Radom,360,Sunday,1970-01-02 07:27:38.000851,53.20194444444444
Konin,516,Thursday,1970-01-02 06:29:30.999527,50.03666666666667
Szczecin,516,Tuesday,1970-01-02 13:35:08.001709,19.337777777777777
Radom,620,Friday,1970-01-02 23:51:42.000046,61.86361111111111
Szczecin,516,Friday,1970-01-02 23:19:46.001587,55.98861111111111
Kutno,620,Monday,1970-01-02 15:30:49.998093,41.33222222222222
Mielec,360,Saturday,1970-01-02 08:53:38.000221,71.2575
Szczecin,620,Wednesday,1970-01-02 19:26:01.001015,13.513055555555555
Szczecin,620,Saturday,1970-01-02 06:01:26.998844,50.84361111111111
Police,516,Sunday,1970-01-02 20:30:01.999855,35.9825
Police,620,Wednesday,1970-01-02 14:02:56.998329,18.88222222222222
Radom,620,Saturday,1970-01-02 23:20:04.000282,43.27638888888889
Kutno,620,Saturday,1970-01-02 05:32:50.999622,50.47527777777778
Gdynia,516,Thursday,1970-01-02 14:54:38.001022,42.14888888888889
Gdynia,360,Friday,1970-01-02 00:33:56.000061,79.96305555555556
Gdynia,360,Sunday,1970-01-02 05:39:56.000576,60.641666666666666
Mielec,620,Thursday,1970-01-02 22:38:05.001755,82.84388888888888
Police,620,Thursday,1970-01-02 09:04:08.000908,31.57888888888889
Gdynia,516,Saturday,1970-01-02 15:18:59.000702,41.15472222222222
Radom,620,Saturday,1970-01-02 18:56:42.000618,44.246944444444445
Police,620,Monday,1970-01-02 17:40:21.000481,20.293333333333333
Szczecin,360,Saturday,1970-01-02 20:28:27.000732,36.308055555555555
Mielec,620,Tuesday,1970-01-02 06:37:07.999020,50.19694444444445
Police,360,Friday,1970-01-02 02:23:24.999876,32.586666666666666
Szczecin,516,Friday,1970-01-02 18:08:13.998528,14.809722222222222
Szczecin,360,Saturday,1970-01-02 11:58:12.000103,44.8025
Radom,360,Sunday,1970-01-02 03:03:24.999733,53.57888888888889
Mielec,620,Wednesday,1970-01-02 12:10:31.998825,75.45194444444445
Mielec,360,Saturday,1970-01-02 08:57:58.999329,71.99194444444444
Gdynia,620,Tuesday,1970-01-02 07:36:15.001144,49.23416666666667
Mielec,516,Wednesday,1970-01-02 18:36:04.998436,113.14138888888888
Konin,360,Monday,1970-01-02 04:06:42.999973,56.20194444444444
Radom,620,Tuesday,1970-01-02 15:44:00.998268,40.34638888888889
Police,516,Saturday,1970-01-02 05:36:37.999477,54.26888888888889
Police,360,Friday,1970-01-02 18:12:08.002167,22.864166666666666
Kutno,620,Tuesday,1970-01-02 16:50:50.000381,39.1725
Radom,620,Tuesday,1970-01-02 14:33:08.001823,42.17166666666667
Police,516,Thursday,1970-01-02 19:29:54.999504,38.08361111111111
Konin,516,Friday,1970-01-02 03:55:19.000626,76.10916666666667
Konin,620,Wednesday,1970-01-02 21:31:56.997528,39.958888888888886
Police,360,Sunday,1970-01-02 12:15:07.000351,20.79361111111111
Mielec,360,Thursday,1970-01-02 02:32:18.999796,64.00722222222223
Gdynia,360,Sunday,1970-01-02 15:44:43.999443,46.34777777777778
Gdynia,620,Sunday,1970-01-02 01:48:25.000162,55.98416666666667
Gdynia,360,Saturday,1970-01-02 20:39:15.000114,60.033055555555556
Radom,620,Monday,1970-01-02 02:31:26.999917,36.657222222222224
Konin,620,Friday,1970-01-02 07:27:08.999519,73.49833333333333
Konin,360,Wednesday,1970-01-02 00:20:54.999992,57.58444444444444
Radom,360,Thursday,1970-01-02 01:10:52.999985,36.022222222222226
Szczecin,620,Thursday,1970-01-02 19:39:14.998398,15.716111111111111
Mielec,620,Wednesday,1970-01-02 21:11:20.000496,59.37416666666667
Radom,620,Monday,1970-01-02 09:38:01.001186,29.9675
Radom,516,Monday,1970-01-02 02:15:35.000253,30.229444444444443
Warszawa,516,Thursday,1970-01-02 13:39:40.000877,18.692222222222224
Warszawa,620,Thursday,1970-01-02 17:38:06.002541,38.56027777777778
Police,516,Tuesday,1970-01-02 00:08:29.000015,55.93472222222222
Szczecin,516,Friday,1970-01-02 14:03:00.999756,4.672777777777778
Radom,516,Thursday,1970-01-02 03:08:13.999815,32.8925
Szczecin,516,Friday,1970-01-02 12:04:52.001152,20.618055555555557
Police,360,Wednesday,1970-01-02 04:07:54.999905,32.59444444444444
Konin,516,Friday,1970-01-02 08:03:44.000931,74.7775
Warszawa,620,Saturday,1970-01-02 07:38:06.999893,56.844722222222224
Gdynia,516,Wednesday,1970-01-02 23:59:03.001556,34.97277777777778
Radom,620,Wednesday,1970-01-02 15:55:32.997894,40.23138888888889
Police,516,Wednesday,1970-01-02 11:51:09.998932,44.533611111111114
Gdynia,360,Saturday,1970-01-02 18:45:20.001984,64.59055555555555
Radom,360,Saturday,1970-01-02 04:33:49.000568,54.35444444444445
Szczecin,620,Monday,1970-01-02 09:30:31.999397,27.093611111111112
Konin,516,Monday,1970-01-02 06:51:13.999500,49.94027777777778
Szczecin,620,Saturday,1970-01-02 03:05:27.999830,53.831944444444446
Police,620,Sunday,1970-01-02 14:08:28.998299,42.64555555555555
Police,516,Sunday,1970-01-02 04:00:26.999760,29.703333333333333
Konin,516,Monday,1970-01-02 06:07:47.000484,33.76111111111111
Police,620,Monday,1970-01-02 03:00:06.999922,29.502222222222223
Szczecin,620,Saturday,1970-01-02 12:45:11.000061,44.033611111111114
Radom,516,Thursday,1970-01-02 17:12:36.999207,39.770833333333336
Gdynia,360,Tuesday,1970-01-02 15:28:38.002510,41.09861111111111
Mielec,360,Wednesday,1970-01-02 23:42:12.999229,103.5625
Gdynia,620,Saturday,1970-01-02 20:39:54.998932,36.76111111111111
Mielec,620,Thursday,1970-01-02 16:54:07.002411,92.14027777777778
Warszawa,360,Wednesday,1970-01-02 03:56:46.999826,35.8575
Gdynia,620,Thursday,1970-01-02 04:16:26.000633,28.946666666666665
Kutno,516,Tuesday,1970-01-02 20:58:25.000877,35.07388888888889
Warszawa,360,Sunday,1970-01-02 16:33:26.997871,46.7475
Police,516,Thursday,1970-01-02 14:53:31.001587,24.727222222222224
Szczecin,360,Saturday,1970-01-02 15:58:28.998871,40.07361111111111
Warszawa,360,Sunday,1970-01-02 15:53:07.998962,25.795833333333334
Warszawa,620,Wednesday,1970-01-02 17:31:46.999969,38.62972222222222
Szczecin,620,Thursday,1970-01-02 11:35:00.999641,20.42361111111111
Kutno,516,Tuesday,1970-01-02 15:43:40.002365,40.48277777777778
Szczecin,620,Thursday,1970-01-02 13:41:26.000061,19.12
Szczecin,360,Wednesday,1970-01-02 10:54:28.000889,21.805
Gdynia,516,Wednesday,1970-01-02 08:13:25.000877,32.99
Szczecin,360,Friday,1970-01-02 11:54:58.000431,20.183055555555555
Warszawa,360,Saturday,1970-01-02 20:25:03.999138,36.413333333333334
Gdynia,360,Thursday,1970-01-02 17:40:44.998741,42.17388888888889
Warszawa,620,Sunday,1970-01-02 10:42:40.000706,45.82055555555556
Radom,360,Monday,1970-01-02 00:31:29.999968,55.585277777777776
Police,360,Friday,1970-01-02 19:24:40.998230,61.12916666666667
Warszawa,360,Sunday,1970-01-02 04:33:33.000011,59.15472222222222
Gdynia,516,Saturday,1970-01-02 13:53:04.998322,66.57916666666667
Police,360,Saturday,1970-01-02 06:06:35.000553,53.94361111111111
Radom,516,Sunday,1970-01-02 22:26:16.002502,15.868333333333334
Mielec,516,Thursday,1970-01-02 06:40:20.999622,98.19805555555556
Police,516,Sunday,1970-01-02 13:49:12.997971,42.83777777777778
Mielec,620,Saturday,1970-01-02 01:22:21.000116,79.58722222222222
Gdynia,516,Tuesday,1970-01-02 19:54:48.999367,61.06361111111111
Police,620,Tuesday,1970-01-02 19:24:45.998726,36.97027777777778
Radom,516,Wednesday,1970-01-02 03:08:42.999859,28.965555555555557
Kutno,360,Monday,1970-01-02 08:30:52.998734,23.820833333333333
Mielec,620,Monday,1970-01-02 06:12:38.999062,74.34333333333333
Kutno,360,Thursday,1970-01-02 12:36:03.999367,44.348055555555554
Police,620,Saturday,1970-01-02 20:52:08.001595,41.80583333333333
Kutno,620,Sunday,1970-01-02 18:44:48.000870,62.07888888888889
Gdynia,360,Thursday,1970-01-02 04:51:02.999868,51.19083333333333
Szczecin,516,Tuesday,1970-01-02 19:43:35.997505,21.126666666666665
Gdynia,620,Friday,1970-01-02 11:50:36.998749,68.32194444444444
Szczecin,360,Friday,1970-01-02 00:27:46.000056,31.752222222222223
Police,516,Friday,1970-01-02 18:49:35.001526,60.68083333333333
Police,620,Saturday,1970-01-02 01:09:01.999984,17.094722222222224
Kutno,620,Thursday,1970-01-02 08:28:50.998993,33.621944444444445
Warszawa,360,Wednesday,1970-01-02 17:47:15.001373,21.855833333333333
Kutno,360,Sunday,1970-01-02 09:12:56.001263,49.196666666666665
Warszawa,516,Sunday,1970-01-02 13:38:02.998466,18.49138888888889
Konin,516,Thursday,1970-01-02 06:22:43.999844,53.51111111111111
Konin,516,Friday,1970-01-02 07:15:53.999519,73.57972222222222
Szczecin,360,Wednesday,1970-01-02 23:53:04.000969,32.16222222222222
Szczecin,620,Tuesday,1970-01-02 20:04:56.000862,12.212777777777777
Konin,516,Monday,1970-01-02 03:26:23.999777,53.20722222222222
Gdynia,620,Thursday,1970-01-02 12:29:56.002007,51.2525
Konin,516,Saturday,1970-01-02 09:29:19.999466,50.48388888888889
Radom,620,Saturday,1970-01-02 02:47:37.000208,53.530277777777776
Konin,620,Sunday,1970-01-02 08:33:46.998997,53.78388888888889
Radom,516,Thursday,1970-01-02 02:32:27.999787,30.163888888888888
Police,516,Saturday,1970-01-02 02:02:26.000147,60.28138888888889
Mielec,620,Friday,1970-01-02 12:39:53.002510,69.8825
Gdynia,516,Friday,1970-01-02 10:33:33.999081,69.53861111111111
Szczecin,516,Saturday,1970-01-02 11:06:45.998898,44.990833333333335
Mielec,360,Sunday,1970-01-02 05:43:54.999561,55.49027777777778
Gdynia,516,Thursday,1970-01-02 13:10:36.001968,43.14194444444445
Szczecin,360,Sunday,1970-01-02 17:12:47.000198,15.36138888888889
Mielec,516,Monday,1970-01-02 01:12:30.000143,83.69722222222222
