Mielec,516,Saturday,1970-01-02 21:40:56.000519
Konin,620,Wednesday,1970-01-02 09:19:51.001225
Szczecin,360,Wednesday,1970-01-02 06:41:12.001076
Police,516,Sunday,1970-01-02 11:13:12.000103
Warszawa,516,Tuesday,1970-01-02 14:49:11.001549
Gdynia,360,Friday,1970-01-02 21:58:14.002533
Szczecin,620,Wednesday,1970-01-02 00:14:28.999994
Gdynia,360,Friday,1970-01-02 08:19:08.999977
Gdynia,620,Sunday,1970-01-02 05:12:48.000555
Radom,620,Sunday,1970-01-02 07:42:23.001080
Mielec,516,Thursday,1970-01-02 12:51:00.998726
Gdynia,620,Monday,1970-01-02 01:21:44.000115
Szczecin,516,Tuesday,1970-01-02 02:22:44.999771
Warszawa,620,Thursday,1970-01-02 06:49:08.000908
Radom,620,Saturday,1970-01-02 05:41:12.999716
Police,620,Tuesday,1970-01-02 13:45:06.001282
Mielec,516,Saturday,1970-01-02 10:02:36.000710
Warszawa,516,Monday,1970-01-02 13:40:18.001556
Konin,516,Saturday,1970-01-02 01:50:29.999685
Konin,360,Tuesday,1970-01-02 02:32:18.999796
Warszawa,516,Wednesday,1970-01-02 12:22:19.999008
Police,620,Tuesday,1970-01-02 21:51:16.000214
Kutno,360,Friday,1970-01-02 18:46:07.998505
Police,360,Saturday,1970-01-02 00:59:46.999977
Police,516,Wednesday,1970-01-02 16:29:10.999260
Szczecin,620,Saturday,1970-01-02 05:00:34.000111
Szczecin,620,Sunday,1970-01-02 17:29:00.999985
Radom,516,Saturday,1970-01-02 04:27:37.999563
Radom,620,Friday,1970-01-02 08:55:25.001049
Kutno,360,Monday,1970-01-02 11:56:55.998745
Police,516,Saturday,1970-01-02 10:25:22.001266
Radom,516,Tuesday,1970-01-02 22:11:40.998116
Radom,516,Saturday,1970-01-02 11:07:31.000786
Mielec,360,Friday,1970-01-02 14:34:31.001816
Police,360,Saturday,1970-01-02 23:26:09.000435
Konin,516,Wednesday,1970-01-02 02:34:48.000154
Police,360,Friday,1970-01-02 23:25:10.997772
Radom,620,Saturday,1970-01-02 14:39:50.997505
Warszawa,360,Sunday,1970-01-02 22:19:22.001610
Mielec,516,Friday,1970-01-02 11:33:32.000084
Gdynia,360,Wednesday,1970-01-02 09:33:03.000469
Mielec,620,Thursday,1970-01-02 02:00:36.000180
Warszawa,620,Thursday,1970-01-02 11:56:34.001198
Gdynia,620,Monday,1970-01-02 07:47:50.999622
Kutno,620,Tuesday,1970-01-02 12:27:10.002022
Gdynia,620,Monday,1970-01-02 05:23:58.000059
Szczecin,620,Tuesday,1970-01-02 18:56:49.998322
Mielec,516,Monday,1970-01-02 10:01:38.000622
Szczecin,516,Monday,1970-01-02 04:29:29.000530
Police,516,Sunday,1970-01-02 02:02:37.000208
Radom,620,Friday,1970-01-02 11:34:51.001225
Konin,516,Wednesday,1970-01-02 00:38:15.000064
Warszawa,360,Monday,1970-01-02 05:30:36.999464
Warszawa,360,Tuesday,1970-01-02 02:53:50.999708
Szczecin,360,Tuesday,1970-01-02 09:11:18.998852
Konin,620,Friday,1970-01-02 03:56:34.999409
Police,516,Saturday,1970-01-02 12:07:52.997475
Warszawa,360,Thursday,1970-01-02 09:22:43.000774
Police,620,Wednesday,1970-01-02 16:10:04.000854
Kutno,620,Sunday,1970-01-02 20:09:20.002327
Radom,620,Monday,1970-01-02 11:03:47.999783
Warszawa,360,Friday,1970-01-02 07:57:36.000996
Szczecin,516,Saturday,1970-01-02 09:35:02.999496
Mielec,516,Thursday,1970-01-02 13:46:06.002083
Gdynia,516,Sunday,1970-01-02 00:32:14.000051
Gdynia,516,Wednesday,1970-01-02 12:11:53.000679
Gdynia,360,Monday,1970-01-02 00:40:30.999970
Mielec,620,Tuesday,1970-01-02 16:46:52.999535
Mielec,620,Saturday,1970-01-02 00:20:24.999994
Gdynia,360,Wednesday,1970-01-02 17:24:13.999329
Szczecin,620,Friday,1970-01-02 17:14:54.999504
Konin,620,Sunday,1970-01-02 19:03:10.999031
Gdynia,516,Thursday,1970-01-02 03:21:42.999973
Police,360,Wednesday,1970-01-02 10:49:27.999458
Warszawa,620,Saturday,1970-01-02 07:56:27.999916
Szczecin,516,Friday,1970-01-02 23:56:45.001259
Kutno,516,Thursday,1970-01-02 01:14:25.999997
Police,360,Monday,1970-01-02 14:38:47.999496
Konin,360,Tuesday,1970-01-02 08:46:51.999607
Konin,516,Monday,1970-01-02 06:08:15.000172
Police,620,Monday,1970-01-02 18:46:02.998009
Konin,360,Saturday,1970-01-02 09:17:17.000370
Gdynia,516,Monday,1970-01-02 10:31:17.000427
Konin,620,Wednesday,1970-01-02 07:14:50.998936
Szczecin,620,Saturday,1970-01-02 21:20:55.000877
Gdynia,516,Friday,1970-01-02 00:41:10.000041
Szczecin,360,Sunday,1970-01-02 19:16:48.999825
Warszawa,516,Sunday,1970-01-02 14:03:59.002419
Szczecin,516,Sunday,1970-01-02 06:59:28.000603
Mielec,620,Wednesday,1970-01-02 17:13:35.001869
Police,620,Sunday,1970-01-02 10:39:21.000538
Warszawa,360,Monday,1970-01-02 03:58:05.000610
Szczecin,516,Monday,1970-01-02 01:06:35.000017
Mielec,360,Thursday,1970-01-02 05:35:54.999590
Konin,516,Sunday,1970-01-02 22:11:05.000725
Gdynia,620,Sunday,1970-01-02 03:22:31.999426
Gdynia,360,Monday,1970-01-02 21:51:43.999901
Kutno,516,Wednesday,1970-01-02 12:55:10.997772
Police,360,Wednesday,1970-01-02 09:43:04.998894
Konin,516,Wednesday,1970-01-02 00:28:29.999979
Gdynia,620,Friday,1970-01-02 19:26:42.997971
Szczecin,620,Friday,1970-01-02 02:54:14.999900
Konin,620,Monday,1970-01-02 23:10:39.000893
Radom,516,Monday,1970-01-02 13:44:32.002029
Kutno,516,Monday,1970-01-02 03:46:35.999479
Police,620,Saturday,1970-01-02 22:07:14.998512
Szczecin,620,Friday,1970-01-02 21:13:24.997444
Police,360,Thursday,1970-01-02 00:14:48.999966
Police,516,Tuesday,1970-01-02 04:42:39.999418
Mielec,620,Friday,1970-01-02 12:05:52.001953
Warszawa,516,Saturday,1970-01-02 22:09:35.002098
Konin,620,Saturday,1970-01-02 12:22:35.999565
Radom,516,Wednesday,1970-01-02 23:08:58.002205
Szczecin,360,Thursday,1970-01-02 07:47:33.000927
Mielec,620,Saturday,1970-01-02 09:02:27.998714
Warszawa,516,Friday,1970-01-02 14:22:45.998840
Radom,620,Sunday,1970-01-02 15:43:46.001930
Police,620,Monday,1970-01-02 00:31:51.999929
Police,360,Wednesday,1970-01-02 09:49:48.998795
Kutno,360,Thursday,1970-01-02 18:36:14.999428
Radom,360,Friday,1970-01-02 15:37:41.001778
Szczecin,620,Sunday,1970-01-02 21:05:17.997551
Konin,360,Sunday,1970-01-02 08:45:31.000328
Police,516,Tuesday,1970-01-02 04:31:43.999758
Radom,360,Sunday,1970-01-02 20:27:08.002167
Gdynia,360,Friday,1970-01-02 14:14:38.998947
Police,516,Thursday,1970-01-02 00:06:34.999990
Warszawa,516,Wednesday,1970-01-02 00:54:13.999972
Gdynia,516,Saturday,1970-01-02 06:52:11.999588
Police,516,Friday,1970-01-02 06:01:09.000149
Warszawa,516,Friday,1970-01-02 09:24:31.999741
Mielec,516,Sunday,1970-01-02 10:19:23.000679
Radom,620,Monday,1970-01-02 07:03:18.999310
Police,620,Tuesday,1970-01-02 02:52:42.000203
Police,360,Monday,1970-01-02 03:33:47.999783
Mielec,360,Wednesday,1970-01-02 09:11:15.000000
Kutno,620,Tuesday,1970-01-02 20:32:47.999840
Gdynia,620,Wednesday,1970-01-02 18:45:01.998138
Warszawa,516,Tuesday,1970-01-02 01:11:25.999846
Police,516,Saturday,1970-01-02 09:38:01.001186
Kutno,516,Wednesday,1970-01-02 10:59:27.999744
Warszawa,620,Tuesday,1970-01-02 08:51:45.998898
Mielec,360,Sunday,1970-01-02 02:11:29.999771
Gdynia,620,Friday,1970-01-02 01:39:36.999807
Szczecin,620,Friday,1970-01-02 01:58:51.999779
Warszawa,360,Friday,1970-01-02 16:02:12.002449
Warszawa,620,Sunday,1970-01-02 09:49:06.000195
Radom,360,Wednesday,1970-01-02 01:58:42.000074
Warszawa,516,Monday,1970-01-02 15:25:16.999054
Gdynia,620,Friday,1970-01-02 15:05:26.999474
Konin,620,Thursday,1970-01-02 08:03:09.999104
Mielec,620,Monday,1970-01-02 08:26:59.999313
Szczecin,516,Sunday,1970-01-02 08:04:56.000862
Warszawa,360,Saturday,1970-01-02 20:41:16.000786
Szczecin,516,Wednesday,1970-01-02 01:12:09.000056
Radom,516,Tuesday,1970-01-02 21:19:29.997597
Radom,620,Friday,1970-01-02 05:24:46.999512
Konin,620,Friday,1970-01-02 08:26:56.000462
Kutno,516,Wednesday,1970-01-02 00:01:03.000000
Police,360,Tuesday,1970-01-02 05:03:50.999565
Radom,360,Wednesday,1970-01-02 03:28:14.000387
Police,620,Monday,1970-01-02 12:15:28.001404
Warszawa,516,Wednesday,1970-01-02 19:57:08.997803
Police,360,Sunday,1970-01-02 08:45:09.000206
Radom,360,Saturday,1970-01-02 02:00:18.000197
Radom,516,Tuesday,1970-01-02 20:51:58.999672
Gdynia,516,Thursday,1970-01-02 03:57:43.000488
Mielec,360,Thursday,1970-01-02 16:24:56.998787
Szczecin,516,Friday,1970-01-02 19:17:26.001434
Radom,620,Friday,1970-01-02 12:47:29.000359
Konin,360,Sunday,1970-01-02 18:01:22.000923
Szczecin,516,Saturday,1970-01-02 05:08:24.000378
Radom,516,Tuesday,1970-01-02 12:32:16.999512
Police,516,Thursday,1970-01-02 06:01:23.999062
Radom,516,Friday,1970-01-02 06:01:45.999184
Gdynia,516,Monday,1970-01-02 17:08:21.999664
Police,516,Saturday,1970-01-02 06:25:48.001099
Radom,360,Tuesday,1970-01-02 10:08:24.001236
Gdynia,516,Sunday,1970-01-02 07:03:46.998997
Mielec,620,Monday,1970-01-02 11:59:24.999104
Szczecin,516,Thursday,1970-01-02 04:38:52.999563
Warszawa,620,Monday,1970-01-02 01:50:02.999711
Kutno,516,Sunday,1970-01-02 06:32:58.999043
Kutno,360,Saturday,1970-01-02 16:30:39.998817
Mielec,360,Wednesday,1970-01-02 05:02:31.000643
Konin,620,Saturday,1970-01-02 22:26:45.001259
Police,620,Thursday,1970-01-02 09:13:33.000298
Police,620,Sunday,1970-01-02 15:00:53.002167
Police,620,Tuesday,1970-01-02 23:33:22.998161
Radom,620,Friday,1970-01-02 11:32:17.999439
Gdynia,516,Sunday,1970-01-02 11:25:16.000843
Warszawa,620,Thursday,1970-01-02 09:45:58.000088
Police,516,Thursday,1970-01-02 02:00:20.000267
Konin,360,Saturday,1970-01-02 09:16:18.001213
Radom,516,Sunday,1970-01-02 19:54:09.000549
Konin,620,Friday,1970-01-02 04:42:36.999636
Police,516,Wednesday,1970-01-02 04:20:57.999802
Police,360,Saturday,1970-01-02 12:33:02.997894
Szczecin,516,Sunday,1970-01-02 14:52:35.002213
Kutno,620,Monday,1970-01-02 19:52:18.999939
Szczecin,360,Saturday,1970-01-02 02:42:55.999761
Police,620,Friday,1970-01-02 04:34:03.999481
Konin,360,Saturday,1970-01-02 19:59:24.999962
Police,360,Friday,1970-01-02 11:46:06.001225
Warszawa,516,Friday,1970-01-02 01:25:30.999970
Police,620,Friday,1970-01-02 20:40:05.998993
Konin,516,Monday,1970-01-02 22:09:44.997940
Kutno,360,Friday,1970-01-02 05:52:16.000586
Warszawa,620,Sunday,1970-01-02 10:51:04.000225
Warszawa,620,Thursday,1970-01-02 22:08:25.000305
Konin,516,Thursday,1970-01-02 13:24:06.998978
Police,360,Sunday,1970-01-02 20:04:35.998878
Konin,620,Saturday,1970-01-02 01:29:46.000156
Szczecin,360,Monday,1970-01-02 12:38:21.999664
Gdynia,516,Thursday,1970-01-02 20:27:54.999619
Konin,620,Tuesday,1970-01-02 16:19:28.001175
Konin,620,Wednesday,1970-01-02 23:36:33.001556
Police,516,Monday,1970-01-02 15:03:52.999420
Radom,516,Thursday,1970-01-02 14:54:05.000839
Gdynia,620,Friday,1970-01-02 02:20:20.999908
Police,516,Monday,1970-01-02 23:17:47.998123
Mielec,620,Monday,1970-01-02 16:05:15.002060
Szczecin,360,Monday,1970-01-02 06:29:49.000797
Warszawa,620,Sunday,1970-01-02 15:22:00.002174
Warszawa,516,Wednesday,1970-01-02 16:28:47.000999
Szczecin,516,Sunday,1970-01-02 10:24:22.000465
Warszawa,360,Monday,1970-01-02 02:41:45.000186
Warszawa,360,Monday,1970-01-02 03:34:11.000261
Szczecin,620,Monday,1970-01-02 06:50:31.999969
Szczecin,360,Tuesday,1970-01-02 14:31:51.001396
Police,620,Monday,1970-01-02 07:17:22.000008
Mielec,360,Friday,1970-01-02 03:20:32.999468
Radom,516,Saturday,1970-01-02 09:31:53.001251
Gdynia,516,Tuesday,1970-01-02 13:23:05.000038
Szczecin,516,Tuesday,1970-01-02 03:59:05.000124
Warszawa,516,Wednesday,1970-01-02 14:21:21.999779
Warszawa,516,Sunday,1970-01-02 09:12:40.999775
Gdynia,360,Wednesday,1970-01-02 05:22:55.999832
Radom,360,Saturday,1970-01-02 22:19:21.002541
Radom,516,Thursday,1970-01-02 00:00:36.000001
Szczecin,516,Saturday,1970-01-02 16:04:06.998405
Szczecin,360,Tuesday,1970-01-02 07:02:20.000153
Konin,620,Wednesday,1970-01-02 22:38:33.001442
Gdynia,360,Thursday,1970-01-02 04:13:40.999718
Warszawa,516,Thursday,1970-01-02 08:26:20.000496
Szczecin,620,Friday,1970-01-02 20:19:16.997681
Radom,516,Thursday,1970-01-02 01:07:16.000156
Szczecin,516,Tuesday,1970-01-02 18:19:55.999146
Szczecin,516,Saturday,1970-01-02 17:43:36.998291
Police,360,Monday,1970-01-02 02:43:06.999822
Radom,516,Saturday,1970-01-02 02:11:11.999788
Warszawa,516,Sunday,1970-01-02 12:21:19.998207
Warszawa,516,Tuesday,1970-01-02 01:32:03.000097
Szczecin,360,Sunday,1970-01-02 15:47:30.998497
Radom,516,Friday,1970-01-02 22:04:03.002129
Konin,516,Friday,1970-01-02 23:31:19.999352
Warszawa,516,Friday,1970-01-02 19:23:21.000595
Radom,516,Saturday,1970-01-02 04:17:53.999834
Szczecin,360,Saturday,1970-01-02 13:40:43.997955
Radom,360,Friday,1970-01-02 13:08:36.999435
Kutno,620,Wednesday,1970-01-02 08:25:05.000782
Gdynia,620,Monday,1970-01-02 02:05:07.999992
Police,516,Thursday,1970-01-02 22:31:28.999557
Warszawa,516,Friday,1970-01-02 11:05:52.000237
Gdynia,360,Wednesday,1970-01-02 23:03:59.002419
Radom,360,Thursday,1970-01-02 11:25:49.001026
Kutno,516,Wednesday,1970-01-02 09:48:46.999855
Gdynia,516,Tuesday,1970-01-02 17:18:53.998489
Police,620,Friday,1970-01-02 12:30:37.998962
Warszawa,620,Monday,1970-01-02 06:00:21.001053
Szczecin,516,Sunday,1970-01-02 22:06:03.997650
Gdynia,360,Tuesday,1970-01-02 16:45:51.999664
Gdynia,360,Thursday,1970-01-02 15:12:15.000801
Kutno,360,Friday,1970-01-02 08:37:13.999443
Konin,516,Monday,1970-01-02 09:08:50.001068
Radom,516,Wednesday,1970-01-02 20:54:22.000465
Police,516,Sunday,1970-01-02 07:28:37.999077
Szczecin,516,Friday,1970-01-02 18:30:33.997536
Gdynia,620,Sunday,1970-01-02 07:21:38.001194
Warszawa,360,Monday,1970-01-02 14:58:21.998520
Szczecin,620,Monday,1970-01-02 18:02:34.000854
Police,360,Saturday,1970-01-02 16:46:46.000900
Police,360,Sunday,1970-01-02 01:33:01.999898
Mielec,620,Thursday,1970-01-02 21:52:23.998718
Radom,620,Wednesday,1970-01-02 04:45:18.999481
Konin,620,Saturday,1970-01-02 23:44:54.997787
Police,516,Sunday,1970-01-02 21:15:08.998489
Warszawa,516,Sunday,1970-01-02 13:20:11.002350
Radom,360,Friday,1970-01-02 06:41:24.000206
Police,620,Friday,1970-01-02 10:06:51.000252
Warszawa,360,Tuesday,1970-01-02 10:41:58.001175
Mielec,620,Wednesday,1970-01-02 20:30:50.001526
Warszawa,516,Thursday,1970-01-02 22:52:14.998512
Police,620,Friday,1970-01-02 14:08:54.999847
Mielec,516,Thursday,1970-01-02 14:07:58.001404
Gdynia,516,Wednesday,1970-01-02 02:34:25.000319
Police,516,Monday,1970-01-02 07:52:18.999939
Gdynia,360,Monday,1970-01-02 03:06:52.000179
Police,620,Tuesday,1970-01-02 06:56:31.999626
Police,516,Wednesday,1970-01-02 00:07:35.999981
Gdynia,620,Sunday,1970-01-02 19:51:00.001373
Szczecin,516,Thursday,1970-01-02 20:16:51.998749
Szczecin,360,Sunday,1970-01-02 07:56:42.998829
Szczecin,516,Saturday,1970-01-02 23:44:40.001450
Szczecin,620,Thursday,1970-01-02 19:33:09.998245
Szczecin,360,Thursday,1970-01-02 02:37:39.999704
Warszawa,620,Sunday,1970-01-02 21:38:05.000038
Warszawa,516,Saturday,1970-01-02 21:09:01.001129
Szczecin,516,Tuesday,1970-01-02 03:08:26.000233
Kutno,516,Tuesday,1970-01-02 15:27:49.001770
Warszawa,620,Thursday,1970-01-02 17:08:59.001274
Szczecin,620,Wednesday,1970-01-02 02:06:26.999846
Konin,360,Friday,1970-01-02 02:38:50.000210
Radom,620,Friday,1970-01-02 20:50:37.997818
Szczecin,516,Friday,1970-01-02 00:43:43.000056
Konin,516,Thursday,1970-01-02 09:42:25.999146
Szczecin,360,Wednesday,1970-01-02 06:12:19.998722
Konin,620,Friday,1970-01-02 19:10:11.998558
Police,360,Monday,1970-01-02 13:33:06.001968
Warszawa,360,Thursday,1970-01-02 12:18:00.998039
Szczecin,516,Tuesday,1970-01-02 13:39:01.001129
Gdynia,360,Thursday,1970-01-02 01:36:54.000249
Police,620,Tuesday,1970-01-02 11:00:39.999676
Szczecin,620,Saturday,1970-01-02 08:58:31.000443
Warszawa,620,Sunday,1970-01-02 00:26:22.000029
Konin,360,Thursday,1970-01-02 10:14:49.999866
Police,620,Sunday,1970-01-02 16:21:19.999924
Szczecin,516,Friday,1970-01-02 13:21:14.000359
Konin,516,Thursday,1970-01-02 12:32:45.998268
Kutno,620,Tuesday,1970-01-02 09:39:22.000465
Police,360,Saturday,1970-01-02 20:18:39.002151
Police,516,Tuesday,1970-01-02 14:15:23.998260
Szczecin,620,Friday,1970-01-02 21:49:24.001465
Mielec,516,Saturday,1970-01-02 18:10:09.998703
Radom,360,Saturday,1970-01-02 11:14:54.999504
Warszawa,516,Wednesday,1970-01-02 19:53:21.997948
Gdynia,360,Monday,1970-01-02 05:36:05.999651
Police,620,Friday,1970-01-02 05:14:11.999617
Konin,360,Sunday,1970-01-02 17:24:51.000938
Gdynia,516,Sunday,1970-01-02 18:19:43.000946
Warszawa,360,Thursday,1970-01-02 00:54:00.999842
Szczecin,516,Saturday,1970-01-02 20:21:16.000214
Gdynia,360,Monday,1970-01-02 06:49:28.999386
Warszawa,620,Thursday,1970-01-02 08:48:41.001148
Mielec,360,Tuesday,1970-01-02 01:37:08.000093
Szczecin,620,Sunday,1970-01-02 12:26:27.000847
Police,620,Friday,1970-01-02 02:18:14.000316
Szczecin,620,Saturday,1970-01-02 04:46:56.000605
Konin,620,Saturday,1970-01-02 22:45:42.997742
Konin,360,Saturday,1970-01-02 05:45:57.999659
Szczecin,620,Monday,1970-01-02 19:25:24.998474
Gdynia,516,Sunday,1970-01-02 13:53:07.001610
Szczecin,360,Sunday,1970-01-02 18:31:24.002495
Mielec,360,Monday,1970-01-02 15:55:09.998703
Radom,620,Thursday,1970-01-02 23:18:52.999420
Warszawa,360,Saturday,1970-01-02 22:37:24.997787
Mielec,360,Saturday,1970-01-02 00:38:57.999952
Police,516,Tuesday,1970-01-02 13:07:28.001862
Radom,516,Tuesday,1970-01-02 23:36:53.997459
Police,620,Thursday,1970-01-02 03:49:03.999481
Konin,360,Tuesday,1970-01-02 15:56:35.001984
Radom,620,Friday,1970-01-02 09:39:16.000900
Warszawa,516,Wednesday,1970-01-02 01:01:15.999856
Konin,620,Friday,1970-01-02 20:43:39.001579
Kutno,360,Saturday,1970-01-02 14:12:14.000015
Mielec,516,Wednesday,1970-01-02 00:16:14.999982
Gdynia,360,Monday,1970-01-02 12:40:11.001205
Radom,620,Saturday,1970-01-02 13:07:02.000313
Szczecin,516,Wednesday,1970-01-02 18:29:31.998596
Police,360,Wednesday,1970-01-02 15:58:21.001167
Police,360,Friday,1970-01-02 10:55:40.999889
Radom,360,Wednesday,1970-01-02 05:04:19.000540
Warszawa,516,Wednesday,1970-01-02 10:18:20.999165
Kutno,620,Tuesday,1970-01-02 13:26:01.001015
Gdynia,620,Sunday,1970-01-02 04:11:04.999437
Szczecin,516,Saturday,1970-01-02 08:49:07.999191
Kutno,620,Wednesday,1970-01-02 02:22:24.999719
Gdynia,360,Thursday,1970-01-02 04:32:57.000046
Kutno,620,Saturday,1970-01-02 17:36:45.999756
Police,620,Saturday,1970-01-02 04:01:01.999369
Warszawa,516,Saturday,1970-01-02 04:20:57.999802
Warszawa,620,Friday,1970-01-02 13:27:26.998215
Szczecin,516,Saturday,1970-01-02 03:50:20.999908
Radom,516,Tuesday,1970-01-02 19:56:50.000038
Gdynia,516,Tuesday,1970-01-02 20:59:09.001122
Szczecin,620,Monday,1970-01-02 15:26:01.998367
Warszawa,620,Tuesday,1970-01-02 16:29:26.000748
Warszawa,360,Saturday,1970-01-02 11:28:35.001011
Mielec,516,Sunday,1970-01-02 17:46:32.999268
Kutno,620,Monday,1970-01-02 19:55:15.000916
Police,360,Sunday,1970-01-02 22:26:13.999214
Gdynia,620,Saturday,1970-01-02 17:05:46.000671
Konin,620,Thursday,1970-01-02 03:03:09.999533
Police,516,Wednesday,1970-01-02 23:39:42.999802
Warszawa,360,Tuesday,1970-01-02 18:46:05.001297
Police,620,Tuesday,1970-01-02 11:43:04.000683
Szczecin,516,Monday,1970-01-02 21:38:22.998734
Gdynia,620,Friday,1970-01-02 08:51:44.999828
Kutno,360,Saturday,1970-01-02 08:36:15.999355
Konin,516,Monday,1970-01-02 12:42:26.998215
Kutno,360,Saturday,1970-01-02 06:38:49.000282
Gdynia,360,Thursday,1970-01-02 04:40:14.000130
Mielec,360,Tuesday,1970-01-02 06:43:34.000225
Szczecin,620,Monday,1970-01-02 04:53:15.000601
Radom,620,Wednesday,1970-01-02 00:31:56.000068
Radom,620,Wednesday,1970-01-02 17:53:05.000038
Warszawa,516,Friday,1970-01-02 08:42:12.000160
Szczecin,516,Thursday,1970-01-02 19:18:00.999756
Szczecin,516,Saturday,1970-01-02 07:58:32.000370
Warszawa,516,Wednesday,1970-01-02 03:22:32.999783
Gdynia,516,Monday,1970-01-02 00:06:03.999997
Konin,620,Thursday,1970-01-02 00:51:49.000075
Police,620,Sunday,1970-01-02 08:00:19.001198
Szczecin,516,Monday,1970-01-02 22:21:19.999924
Police,620,Tuesday,1970-01-02 19:15:42.999458
Radom,620,Friday,1970-01-02 00:17:58.000027
Police,516,Saturday,1970-01-02 11:51:16.001072
Konin,516,Wednesday,1970-01-02 19:38:56.000633
Mielec,516,Wednesday,1970-01-02 10:51:31.999912
Szczecin,516,Wednesday,1970-01-02 08:04:45.999870
Radom,516,Friday,1970-01-02 06:30:31.000328
Warszawa,620,Monday,1970-01-02 16:56:45.998611
Gdynia,360,Sunday,1970-01-02 18:32:05.999451
Kutno,620,Monday,1970-01-02 14:19:32.998238
Police,360,Sunday,1970-01-02 06:01:50.000610
Mielec,620,Friday,1970-01-02 10:26:02.000084
Mielec,360,Friday,1970-01-02 01:03:37.999971
Warszawa,360,Monday,1970-01-02 15:36:13.001289
Konin,360,Thursday,1970-01-02 11:03:12.998886
Szczecin,620,Sunday,1970-01-02 02:55:30.000257
Konin,516,Sunday,1970-01-02 23:53:10.999603
Szczecin,516,Thursday,1970-01-02 06:01:50.999680
Radom,516,Wednesday,1970-01-02 11:59:57.000217
Warszawa,516,Sunday,1970-01-02 10:21:31.999054
Radom,620,Monday,1970-01-02 00:21:23.000001
Warszawa,360,Monday,1970-01-02 00:02:35.000004
Szczecin,360,Saturday,1970-01-02 22:29:43.000374
Konin,360,Sunday,1970-01-02 07:01:32.001057
Mielec,516,Monday,1970-01-02 06:06:33.998909
Kutno,620,Tuesday,1970-01-02 01:45:01.000142
Szczecin,360,Thursday,1970-01-02 02:38:23.999949
Police,620,Thursday,1970-01-02 00:55:29.000008
Radom,620,Saturday,1970-01-02 10:21:58.000603
Radom,620,Wednesday,1970-01-02 07:29:07.999477
Konin,360,Thursday,1970-01-02 15:22:39.001923
Police,516,Friday,1970-01-02 08:56:08.998718
Radom,516,Tuesday,1970-01-02 17:05:13.000488
Szczecin,360,Tuesday,1970-01-02 19:10:42.001534
Konin,360,Wednesday,1970-01-02 16:46:54.997673
Gdynia,620,Saturday,1970-01-02 01:06:11.999860
Police,620,Thursday,1970-01-02 17:54:05.000839
Mielec,620,Saturday,1970-01-02 07:06:57.998886
Mielec,360,Saturday,1970-01-02 14:54:05.000839
Kutno,360,Wednesday,1970-01-02 17:34:32.000885
Mielec,516,Tuesday,1970-01-02 16:54:02.001915
Konin,620,Sunday,1970-01-02 15:08:32.002373
Szczecin,360,Friday,1970-01-02 10:32:43.999271
Radom,516,Wednesday,1970-01-02 21:36:43.998184
Police,620,Sunday,1970-01-02 02:42:59.000187
Mielec,516,Tuesday,1970-01-02 10:08:17.999096
Szczecin,360,Monday,1970-01-02 21:23:14.000244
Radom,620,Wednesday,1970-01-02 22:10:00.998497
Mielec,360,Sunday,1970-01-02 17:10:10.002136
Police,620,Sunday,1970-01-02 20:17:41.998558
Warszawa,360,Thursday,1970-01-02 01:26:09.000006
Mielec,620,Sunday,1970-01-02 23:14:39.998016
Gdynia,360,Monday,1970-01-02 03:34:18.000183
Szczecin,620,Thursday,1970-01-02 11:00:40.998745
Szczecin,620,Friday,1970-01-02 08:42:45.000343
Kutno,516,Saturday,1970-01-02 21:03:52.000351
Konin,360,Wednesday,1970-01-02 14:32:01.002388
Radom,620,Wednesday,1970-01-02 01:10:05.999959
Mielec,620,Monday,1970-01-02 19:16:26.000633
Police,360,Sunday,1970-01-02 13:32:55.001907
Konin,620,Saturday,1970-01-02 01:36:10.999718
Warszawa,620,Wednesday,1970-01-02 20:36:52.998390
Szczecin,360,Saturday,1970-01-02 15:20:45.998955
Police,620,Saturday,1970-01-02 15:04:18.001900
Kutno,360,Saturday,1970-01-02 01:35:22.000265
Kutno,360,Sunday,1970-01-02 19:12:36.997490
Konin,360,Saturday,1970-01-02 18:17:15.998726
Radom,620,Monday,1970-01-02 01:28:59.000130
Police,516,Sunday,1970-01-02 18:24:53.000793
Warszawa,516,Monday,1970-01-02 10:54:03.000984
Szczecin,516,Sunday,1970-01-02 10:29:57.999287
Mielec,620,Friday,1970-01-02 05:42:41.000204
Warszawa,516,Thursday,1970-01-02 15:46:18.998566
Kutno,620,Tuesday,1970-01-02 00:28:46.000053
Kutno,360,Monday,1970-01-02 20:12:52.999763
Konin,360,Saturday,1970-01-02 12:26:50.000038
Gdynia,516,Sunday,1970-01-02 13:34:57.001648
Police,516,Friday,1970-01-02 06:33:47.000713
Radom,360,Friday,1970-01-02 14:10:56.000519
Kutno,360,Saturday,1970-01-02 23:58:09.999390
Radom,516,Tuesday,1970-01-02 04:40:15.000486
Szczecin,620,Wednesday,1970-01-02 23:48:00.999756
Gdynia,620,Wednesday,1970-01-02 16:09:53.000793
Szczecin,360,Friday,1970-01-02 22:16:54.999390
Gdynia,516,Tuesday,1970-01-02 09:22:13.000374
Radom,360,Saturday,1970-01-02 06:30:59.000015
Mielec,516,Friday,1970-01-02 21:47:34.000854
Kutno,620,Tuesday,1970-01-02 07:47:41.001205
Mielec,516,Sunday,1970-01-02 23:41:57.997742
Police,360,Saturday,1970-01-02 06:26:19.999638
Kutno,516,Tuesday,1970-01-02 01:21:50.000002
Szczecin,620,Wednesday,1970-01-02 08:30:21.999264
Police,620,Wednesday,1970-01-02 06:56:09.000435
Warszawa,516,Tuesday,1970-01-02 23:27:09.001236
Police,360,Monday,1970-01-02 13:33:04.997749
Mielec,360,Friday,1970-01-02 15:13:57.997627
Mielec,360,Tuesday,1970-01-02 01:54:01.000271
Warszawa,516,Wednesday,1970-01-02 19:28:44.997711
Police,516,Monday,1970-01-02 09:18:37.999649
Radom,516,Wednesday,1970-01-02 14:35:39.000320
Kutno,620,Saturday,1970-01-02 14:07:30.001717
Warszawa,620,Tuesday,1970-01-02 04:55:25.000620
Police,516,Thursday,1970-01-02 01:39:29.000173
Police,360,Thursday,1970-01-02 14:24:02.999268
Police,620,Friday,1970-01-02 02:02:10.999947
Gdynia,516,Sunday,1970-01-02 19:57:16.001587
Gdynia,360,Tuesday,1970-01-02 07:05:17.000198
Warszawa,360,Saturday,1970-01-02 19:56:42.002335
Police,516,Sunday,1970-01-02 02:32:29.999857
Police,360,Friday,1970-01-02 01:06:48.999860
Konin,620,Saturday,1970-01-02 00:46:37.999871
Mielec,516,Saturday,1970-01-02 08:51:56.998959
Radom,360,Friday,1970-01-02 11:45:14.000702
Mielec,516,Monday,1970-01-02 18:22:02.999382
Mielec,360,Friday,1970-01-02 13:09:37.000237
Konin,516,Sunday,1970-01-02 23:41:46.997681
Konin,620,Wednesday,1970-01-02 06:29:55.000362
Szczecin,620,Thursday,1970-01-02 08:19:00.999699
Gdynia,620,Wednesday,1970-01-02 06:31:35.999050
Radom,620,Monday,1970-01-02 20:59:43.000374
Radom,360,Thursday,1970-01-02 09:29:58.999214
Szczecin,360,Thursday,1970-01-02 07:39:46.000443
Konin,516,Sunday,1970-01-02 12:57:11.998444
Radom,360,Friday,1970-01-02 11:24:38.999233
Mielec,516,Wednesday,1970-01-02 08:07:50.001125
Police,620,Monday,1970-01-02 15:07:23.998718
Gdynia,360,Saturday,1970-01-02 13:45:39.001465
Szczecin,360,Wednesday,1970-01-02 01:57:57.000117
Radom,620,Tuesday,1970-01-02 17:36:51.999321
Szczecin,360,Monday,1970-01-02 12:00:27.000618
Kutno,516,Thursday,1970-01-02 01:58:01.999969
Warszawa,620,Sunday,1970-01-02 13:59:36.999092
Konin,620,Monday,1970-01-02 10:54:48.999367
Konin,360,Thursday,1970-01-02 23:35:44.000816
Szczecin,360,Friday,1970-01-02 20:49:55.001793
Warszawa,360,Wednesday,1970-01-02 22:12:05.001526
Gdynia,620,Saturday,1970-01-02 04:21:29.999628
Szczecin,360,Sunday,1970-01-02 19:10:32.999611
Gdynia,620,Tuesday,1970-01-02 05:00:09.000206
Mielec,360,Wednesday,1970-01-02 18:03:47.998924
Gdynia,360,Monday,1970-01-02 07:39:05.999050
Police,620,Friday,1970-01-02 14:43:35.000153
Gdynia,620,Saturday,1970-01-02 03:55:07.000208
Szczecin,360,Thursday,1970-01-02 09:08:07.998962
Warszawa,360,Saturday,1970-01-02 08:29:03.999767
Kutno,620,Monday,1970-01-02 15:23:52.000923
Radom,620,Thursday,1970-01-02 03:23:29.999514
Kutno,516,Wednesday,1970-01-02 13:28:58.001060
Police,620,Thursday,1970-01-02 21:11:22.997704
Police,360,Wednesday,1970-01-02 17:48:04.002113
Szczecin,516,Tuesday,1970-01-02 16:42:06.997948
Police,360,Friday,1970-01-02 04:44:02.999411
Warszawa,360,Sunday,1970-01-02 17:40:05.998993
Warszawa,516,Thursday,1970-01-02 07:03:21.000023
Gdynia,516,Wednesday,1970-01-02 21:04:18.001900
Warszawa,360,Wednesday,1970-01-02 01:42:49.999766
Mielec,360,Monday,1970-01-02 15:11:05.998077
Szczecin,620,Saturday,1970-01-02 14:50:00.002289
Konin,360,Saturday,1970-01-02 15:23:36.000366
Police,620,Wednesday,1970-01-02 22:22:21.998863
Police,620,Saturday,1970-01-02 15:35:19.000053
Warszawa,516,Thursday,1970-01-02 15:24:47.001228
Radom,620,Saturday,1970-01-02 08:09:50.999222
Konin,360,Monday,1970-01-02 14:37:51.001053
Mielec,516,Sunday,1970-01-02 20:06:19.000854
Kutno,516,Wednesday,1970-01-02 02:41:21.999707
Warszawa,620,Thursday,1970-01-02 20:06:49.997749
Mielec,360,Saturday,1970-01-02 00:02:45.000000
Konin,516,Tuesday,1970-01-02 19:28:26.999016
Warszawa,516,Saturday,1970-01-02 18:37:50.997620
Warszawa,360,Saturday,1970-01-02 11:42:34.000282
Mielec,360,Thursday,1970-01-02 04:19:44.000444
Radom,620,Saturday,1970-01-02 10:36:16.000214
Police,516,Sunday,1970-01-02 23:28:39.998932
Mielec,360,Thursday,1970-01-02 05:34:45.000372
Konin,516,Monday,1970-01-02 09:53:42.000790
Mielec,516,Friday,1970-01-02 15:25:27.999115
Radom,620,Thursday,1970-01-02 23:44:24.999962
Mielec,516,Monday,1970-01-02 12:03:54.997559
Konin,620,Saturday,1970-01-02 08:41:36.999264
Radom,360,Friday,1970-01-02 00:17:58.000027
Szczecin,360,Tuesday,1970-01-02 10:22:56.999760
Radom,620,Sunday,1970-01-02 05:31:04.000082
Police,360,Saturday,1970-01-02 01:23:00.999899
Police,360,Friday,1970-01-02 04:27:22.000294
Szczecin,516,Saturday,1970-01-02 11:05:41.000175
Radom,516,Wednesday,1970-01-02 09:31:21.000137
Warszawa,516,Monday,1970-01-02 14:55:35.998535
Police,360,Wednesday,1970-01-02 15:14:40.998802
Mielec,516,Friday,1970-01-02 01:27:51.000016
Radom,516,Wednesday,1970-01-02 18:31:54.999390
Gdynia,360,Sunday,1970-01-02 14:52:14.001160
Szczecin,620,Monday,1970-01-02 04:20:27.000332
Gdynia,620,Monday,1970-01-02 11:12:53.998833
Radom,620,Wednesday,1970-01-02 08:19:05.001125
Gdynia,620,Wednesday,1970-01-02 07:50:53.999233
Kutno,360,Tuesday,1970-01-02 17:58:29.002304
Konin,516,Sunday,1970-01-02 05:42:32.999926
Warszawa,620,Thursday,1970-01-02 18:06:05.000153
Warszawa,516,Tuesday,1970-01-02 11:27:23.001080
Kutno,360,Monday,1970-01-02 07:24:25.000248
Mielec,620,Thursday,1970-01-02 21:24:50.997505
Szczecin,620,Sunday,1970-01-02 19:14:45.001945
Gdynia,620,Friday,1970-01-02 20:31:46.999969
Police,360,Saturday,1970-01-02 10:30:11.999130
Konin,620,Tuesday,1970-01-02 13:53:47.000427
Police,516,Sunday,1970-01-02 01:14:27.000031
Gdynia,620,Friday,1970-01-02 00:35:00.000036
Warszawa,360,Saturday,1970-01-02 16:30:59.001732
Szczecin,516,Wednesday,1970-01-02 01:38:38.999720
Warszawa,360,Sunday,1970-01-02 20:48:51.998634
Kutno,620,Friday,1970-01-02 06:33:01.998825
Police,620,Saturday,1970-01-02 19:44:21.001968
Police,516,Thursday,1970-01-02 21:43:48.999138
Kutno,516,Thursday,1970-01-02 07:45:48.999882
Warszawa,516,Monday,1970-01-02 02:44:00.000057
Warszawa,516,Sunday,1970-01-02 18:19:16.999397
Mielec,360,Friday,1970-01-02 08:23:56.000633
Szczecin,516,Saturday,1970-01-02 10:14:44.999371
Gdynia,360,Friday,1970-01-02 14:33:15.000458
Warszawa,620,Friday,1970-01-02 01:30:33.999896
Radom,620,Saturday,1970-01-02 15:28:35.000153
Police,620,Thursday,1970-01-02 10:32:32.999210
Warszawa,620,Friday,1970-01-02 03:45:01.000357
Warszawa,360,Sunday,1970-01-02 21:32:17.998581
Konin,360,Tuesday,1970-01-02 11:23:15.000172
Police,620,Sunday,1970-01-02 00:06:16.000012
Gdynia,516,Tuesday,1970-01-02 18:13:45.998497
Warszawa,516,Wednesday,1970-01-02 23:34:47.002373
Mielec,620,Saturday,1970-01-02 20:30:13.998985
Warszawa,360,Friday,1970-01-02 21:23:19.000740
Gdynia,360,Monday,1970-01-02 15:05:04.999352
Mielec,516,Monday,1970-01-02 00:19:53.000007
Gdynia,620,Thursday,1970-01-02 15:42:48.998337
Konin,620,Tuesday,1970-01-02 22:57:58.997612
Kutno,360,Saturday,1970-01-02 02:27:02.999740
Konin,360,Wednesday,1970-01-02 13:35:31.000900
Kutno,620,Thursday,1970-01-02 04:52:07.999878
Police,620,Monday,1970-01-02 01:21:27.999880
Kutno,360,Tuesday,1970-01-02 17:56:28.001633
Police,360,Saturday,1970-01-02 02:23:35.000224
Szczecin,516,Sunday,1970-01-02 08:43:35.000153
Gdynia,360,Sunday,1970-01-02 21:27:44.001274
Konin,620,Wednesday,1970-01-02 18:23:57.001419
Mielec,620,Thursday,1970-01-02 08:53:41.999073
Police,516,Saturday,1970-01-02 06:25:54.999733
Radom,516,Wednesday,1970-01-02 22:01:41.999474
Kutno,516,Saturday,1970-01-02 06:30:26.998901
Radom,360,Wednesday,1970-01-02 10:05:27.001190
Warszawa,360,Thursday,1970-01-02 21:52:40.998344
Kutno,620,Thursday,1970-01-02 08:42:26.999073
Kutno,516,Thursday,1970-01-02 20:02:44.999199
Szczecin,620,Saturday,1970-01-02 04:54:16.000471
Police,360,Friday,1970-01-02 22:08:03.999252
Konin,360,Sunday,1970-01-02 10:13:13.999100
Kutno,360,Tuesday,1970-01-02 17:51:31.999054
Gdynia,620,Saturday,1970-01-02 06:10:33.000469
Police,360,Sunday,1970-01-02 06:18:51.000423
Police,620,Saturday,1970-01-02 18:58:14.002533
Szczecin,516,Monday,1970-01-02 22:28:55.997772
Szczecin,516,Thursday,1970-01-02 23:42:57.998543
Radom,516,Monday,1970-01-02 22:29:05.998764
Radom,516,Wednesday,1970-01-02 12:01:39.000549
Police,360,Thursday,1970-01-02 08:24:55.998859
Gdynia,516,Saturday,1970-01-02 08:21:47.998753
Radom,360,Sunday,1970-01-02 05:55:10.999918
Police,516,Friday,1970-01-02 10:33:05.000324
Kutno,620,Sunday,1970-01-02 18:26:20.002213
Konin,620,Monday,1970-01-02 04:07:57.000618
Mielec,620,Sunday,1970-01-02 11:20:15.999413
Konin,360,Saturday,1970-01-02 10:29:04.000626
Police,360,Tuesday,1970-01-02 17:18:02.000542
Police,620,Friday,1970-01-02 22:19:25.997887
Police,620,Saturday,1970-01-02 07:28:28.000660
Mielec,620,Thursday,1970-01-02 11:11:15.000858
Konin,360,Thursday,1970-01-02 17:40:52.002525
Konin,360,Tuesday,1970-01-02 19:57:23.999290
Szczecin,360,Tuesday,1970-01-02 02:39:08.999906
Konin,360,Friday,1970-01-02 12:35:37.997818
Gdynia,516,Thursday,1970-01-02 14:15:12.998199
Szczecin,620,Monday,1970-01-02 15:51:19.002571
Gdynia,516,Friday,1970-01-02 04:08:32.000227
Konin,620,Monday,1970-01-02 16:17:26.001434
Konin,516,Tuesday,1970-01-02 03:18:22.000380
Police,516,Tuesday,1970-01-02 10:52:13.000374
Police,516,Sunday,1970-01-02 08:36:42.000904
Mielec,360,Friday,1970-01-02 23:16:37.002411
Warszawa,360,Sunday,1970-01-02 18:51:47.002258
Warszawa,360,Thursday,1970-01-02 23:43:36.998291
Mielec,360,Saturday,1970-01-02 19:00:18.999481
Kutno,620,Wednesday,1970-01-02 01:36:07.000222
Mielec,620,Monday,1970-01-02 13:01:15.997925
Police,516,Saturday,1970-01-02 21:56:48.000183
Police,516,Sunday,1970-01-02 21:29:46.001015
Kutno,516,Thursday,1970-01-02 18:47:34.999924
Kutno,620,Monday,1970-01-02 13:26:18.000641
Gdynia,620,Tuesday,1970-01-02 05:27:07.000523
Szczecin,360,Monday,1970-01-02 11:42:06.000595
Szczecin,360,Monday,1970-01-02 02:08:02.000256
Mielec,360,Friday,1970-01-02 17:51:53.000107
Police,620,Sunday,1970-01-02 09:56:45.999470
Szczecin,360,Friday,1970-01-02 19:52:34.001427
Police,620,Wednesday,1970-01-02 15:25:16.999054
Warszawa,620,Thursday,1970-01-02 02:22:28.999858
Gdynia,620,Thursday,1970-01-02 02:19:17.000256
Warszawa,516,Monday,1970-01-02 09:23:02.001114
Radom,620,Wednesday,1970-01-02 08:36:56.000748
Mielec,620,Wednesday,1970-01-02 05:46:00.999441
Radom,516,Sunday,1970-01-02 22:32:40.000420
Gdynia,620,Sunday,1970-01-02 18:40:51.999092
Police,516,Friday,1970-01-02 18:57:21.999435
Warszawa,620,Friday,1970-01-02 10:03:21.999092
Konin,360,Wednesday,1970-01-02 02:10:44.000101
Police,620,Wednesday,1970-01-02 00:52:40.999954
Szczecin,516,Wednesday,1970-01-02 12:46:17.000427
Mielec,516,Tuesday,1970-01-02 07:09:51.999149
Kutno,360,Monday,1970-01-02 14:05:41.999245
Kutno,516,Saturday,1970-01-02 05:02:49.000626
Konin,516,Saturday,1970-01-02 19:08:34.002228
Police,360,Sunday,1970-01-02 05:12:51.000338
Konin,516,Thursday,1970-01-02 09:31:09.001007
Mielec,360,Tuesday,1970-01-02 18:33:23.998947
Konin,360,Wednesday,1970-01-02 17:25:09.998703
Mielec,360,Saturday,1970-01-02 12:41:24.000206
Police,620,Friday,1970-01-02 16:13:18.999596
Police,360,Wednesday,1970-01-02 15:31:54.999390
Mielec,620,Monday,1970-01-02 16:21:32.998123
Szczecin,620,Saturday,1970-01-02 09:30:17.000484
Kutno,620,Wednesday,1970-01-02 22:26:02.000084
Kutno,360,Monday,1970-01-02 20:53:55.998917
Szczecin,516,Saturday,1970-01-02 04:44:35.999594
Gdynia,516,Thursday,1970-01-02 07:13:29.000587
Warszawa,516,Sunday,1970-01-02 00:01:34.999998
Warszawa,516,Tuesday,1970-01-02 21:33:04.002113
Szczecin,360,Sunday,1970-01-02 13:02:24.001579
Mielec,360,Sunday,1970-01-02 10:05:06.000137
Police,620,Saturday,1970-01-02 18:29:14.998970
Police,360,Wednesday,1970-01-02 06:41:24.999275
Kutno,620,Sunday,1970-01-02 20:12:47.999268
Police,516,Monday,1970-01-02 00:04:39.999990
Warszawa,360,Thursday,1970-01-02 05:02:01.000242
Gdynia,516,Monday,1970-01-02 22:59:12.001762
Kutno,360,Thursday,1970-01-02 23:38:40.001793
Radom,620,Wednesday,1970-01-02 22:29:59.000931
Warszawa,620,Wednesday,1970-01-02 02:13:32.000155
Konin,360,Tuesday,1970-01-02 16:35:19.001770
Radom,360,Wednesday,1970-01-02 19:27:07.001381
Gdynia,620,Saturday,1970-01-02 04:59:01.000414
Warszawa,516,Friday,1970-01-02 09:18:21.999092
Police,620,Thursday,1970-01-02 01:30:51.000166
Gdynia,516,Monday,1970-01-02 18:57:54.000549
Konin,360,Thursday,1970-01-02 04:08:58.999557
Gdynia,360,Sunday,1970-01-02 01:40:41.000104
Konin,516,Wednesday,1970-01-02 15:18:42.001076
Konin,516,Friday,1970-01-02 18:43:27.998085
Mielec,360,Sunday,1970-01-02 02:27:06.000166
Warszawa,516,Friday,1970-01-02 13:38:51.000137
Warszawa,360,Friday,1970-01-02 16:50:17.999268
Warszawa,620,Tuesday,1970-01-02 20:41:26.001778
Police,620,Thursday,1970-01-02 20:45:01.002502
Mielec,620,Monday,1970-01-02 14:22:06.000023
Police,620,Sunday,1970-01-02 20:19:29.001961
Mielec,620,Saturday,1970-01-02 10:26:54.000607
Kutno,360,Tuesday,1970-01-02 02:16:07.000079
Warszawa,620,Tuesday,1970-01-02 22:27:23.001938
Szczecin,620,Tuesday,1970-01-02 19:19:01.000557
Radom,620,Sunday,1970-01-02 13:00:45.001030
Police,620,Saturday,1970-01-02 15:11:02.001801
Szczecin,620,Friday,1970-01-02 11:48:33.000870
Police,360,Wednesday,1970-01-02 02:39:55.000219
Kutno,620,Thursday,1970-01-02 07:46:02.999725
Mielec,360,Thursday,1970-01-02 16:28:42.000504
Konin,620,Wednesday,1970-01-02 20:08:38.999290
Gdynia,516,Saturday,1970-01-02 18:58:37.001724
Warszawa,516,Wednesday,1970-01-02 19:03:17.997665
Radom,360,Thursday,1970-01-02 12:30:51.002312
Szczecin,516,Thursday,1970-01-02 14:55:17.000771
Konin,516,Saturday,1970-01-02 04:07:05.000095
Radom,620,Thursday,1970-01-02 16:24:28.000031
Szczecin,620,Friday,1970-01-02 11:02:57.999973
Mielec,620,Monday,1970-01-02 15:25:22.998619
Konin,516,Friday,1970-01-02 15:48:14.998741
Radom,360,Saturday,1970-01-02 10:31:47.999897
Szczecin,360,Tuesday,1970-01-02 09:52:22.000580
Police,516,Thursday,1970-01-02 06:06:55.999031
Gdynia,360,Thursday,1970-01-02 06:33:17.999382
Konin,620,Sunday,1970-01-02 10:57:12.999229
Kutno,360,Sunday,1970-01-02 09:31:26.999702
Police,620,Monday,1970-01-02 20:23:29.999084
Warszawa,620,Monday,1970-01-02 14:40:38.000107
Police,516,Tuesday,1970-01-02 07:29:29.000530
Police,360,Friday,1970-01-02 22:58:39.001579
Gdynia,620,Tuesday,1970-01-02 18:22:14.998512
Warszawa,620,Sunday,1970-01-02 18:31:50.997963
Kutno,516,Monday,1970-01-02 07:07:49.999409
Mielec,620,Tuesday,1970-01-02 04:15:17.000484
Gdynia,516,Tuesday,1970-01-02 13:23:12.997742
Konin,516,Wednesday,1970-01-02 21:34:18.999252
Kutno,620,Monday,1970-01-02 15:36:25.999489
Police,620,Thursday,1970-01-02 13:53:07.001610
Police,360,Saturday,1970-01-02 10:13:20.001240
Szczecin,620,Sunday,1970-01-02 17:44:58.000145
Kutno,620,Sunday,1970-01-02 16:15:27.997971
Warszawa,360,Thursday,1970-01-02 15:18:14.001389
Kutno,516,Monday,1970-01-02 20:14:58.001862
Radom,620,Friday,1970-01-02 13:06:19.998207
Mielec,516,Saturday,1970-01-02 20:30:18.000412
Warszawa,620,Saturday,1970-01-02 10:50:48.998737
Radom,620,Saturday,1970-01-02 10:08:30.000801
Police,620,Wednesday,1970-01-02 00:38:26.999999
Police,360,Saturday,1970-01-02 08:10:12.999344
Mielec,516,Friday,1970-01-02 02:34:19.999824
Radom,620,Friday,1970-01-02 17:10:38.001823
Radom,360,Friday,1970-01-02 15:39:51.998291
Warszawa,516,Tuesday,1970-01-02 01:05:43.000138
Radom,360,Thursday,1970-01-02 18:26:43.001404
Radom,620,Friday,1970-01-02 15:43:13.001747
Mielec,360,Thursday,1970-01-02 10:10:07.999706
Radom,516,Tuesday,1970-01-02 11:38:24.001236
Radom,620,Monday,1970-01-02 00:39:29.000065
Police,360,Tuesday,1970-01-02 12:31:14.001503
Police,516,Tuesday,1970-01-02 03:45:59.000444
Police,620,Tuesday,1970-01-02 21:51:14.002075
Konin,360,Thursday,1970-01-02 18:50:59.000587
Warszawa,516,Monday,1970-01-02 00:10:58.000012
Warszawa,360,Wednesday,1970-01-02 03:27:52.000265
Radom,360,Monday,1970-01-02 21:00:51.997948
Police,620,Thursday,1970-01-02 09:34:10.998974
Kutno,516,Friday,1970-01-02 02:35:08.000207
Warszawa,620,Friday,1970-01-02 15:35:45.001602
Szczecin,620,Monday,1970-01-02 09:27:48.000126
Police,360,Thursday,1970-01-02 17:47:59.001617
Radom,360,Thursday,1970-01-02 02:44:49.999866
Szczecin,620,Monday,1970-01-02 12:13:27.000732
Police,360,Friday,1970-01-02 12:25:42.001534
Radom,360,Monday,1970-01-02 16:15:52.001381
Szczecin,620,Friday,1970-01-02 18:27:29.998856
Police,620,Friday,1970-01-02 06:57:02.000027
Szczecin,516,Friday,1970-01-02 06:17:00.999813
Szczecin,360,Saturday,1970-01-02 21:10:03.999138
Radom,516,Saturday,1970-01-02 13:06:32.002487
Szczecin,360,Monday,1970-01-02 02:24:49.000225
Konin,620,Sunday,1970-01-02 09:53:43.998928
Kutno,620,Sunday,1970-01-02 00:13:25.000019
Gdynia,620,Monday,1970-01-02 15:52:17.999153
Police,360,Thursday,1970-01-02 09:36:47.000542
Szczecin,516,Saturday,1970-01-02 11:48:34.999008
Gdynia,360,Wednesday,1970-01-02 18:28:16.002388
Radom,620,Wednesday,1970-01-02 06:14:17.999611
Szczecin,360,Friday,1970-01-02 08:21:15.001144
Radom,360,Tuesday,1970-01-02 13:15:20.000267
Konin,360,Thursday,1970-01-02 15:09:02.999268
Szczecin,516,Tuesday,1970-01-02 17:01:54.999390
Police,516,Sunday,1970-01-02 01:16:28.000059
Kutno,360,Sunday,1970-01-02 20:01:06.997719
Mielec,516,Sunday,1970-01-02 18:27:07.998734
Konin,360,Sunday,1970-01-02 08:34:02.000484
Szczecin,516,Friday,1970-01-02 16:46:47.999039
Warszawa,516,Sunday,1970-01-02 18:29:06.002197
Mielec,360,Thursday,1970-01-02 18:59:47.997437
Mielec,360,Friday,1970-01-02 09:19:21.000824
Warszawa,360,Saturday,1970-01-02 23:18:41.999359
Mielec,516,Wednesday,1970-01-02 18:57:15.000801
Kutno,360,Friday,1970-01-02 05:45:42.000389
Szczecin,620,Sunday,1970-01-02 13:56:06.998863
Police,620,Thursday,1970-01-02 08:34:46.999798
Gdynia,360,Saturday,1970-01-02 05:26:37.000122
Szczecin,620,Tuesday,1970-01-02 04:15:10.999632
Radom,620,Thursday,1970-01-02 17:43:27.002449
Warszawa,516,Tuesday,1970-01-02 14:05:34.001541
Szczecin,516,Friday,1970-01-02 09:08:45.000572
Konin,516,Monday,1970-01-02 09:42:42.998772
Kutno,360,Saturday,1970-01-02 10:21:30.999985
Konin,360,Friday,1970-01-02 13:02:19.001083
Police,516,Wednesday,1970-01-02 00:51:15.999892
Police,516,Monday,1970-01-02 05:16:56.000175
Police,620,Sunday,1970-01-02 22:39:14.998398
Police,516,Tuesday,1970-01-02 06:03:29.001160
Police,516,Tuesday,1970-01-02 07:47:09.000092
Gdynia,620,Thursday,1970-01-02 14:26:08.001366
Kutno,516,Friday,1970-01-02 10:59:44.999371
Gdynia,360,Wednesday,1970-01-02 02:15:24.999905
Police,516,Friday,1970-01-02 10:16:57.999172
Mielec,516,Wednesday,1970-01-02 09:47:07.999306
Warszawa,360,Wednesday,1970-01-02 23:40:49.000168
Szczecin,360,Sunday,1970-01-02 06:42:41.000633
Radom,516,Sunday,1970-01-02 00:52:09.000127
Warszawa,516,Thursday,1970-01-02 07:28:59.000130
Szczecin,516,Friday,1970-01-02 01:06:12.999895
Konin,620,Wednesday,1970-01-02 14:21:50.998535
Police,516,Monday,1970-01-02 15:05:36.001396
Police,516,Monday,1970-01-02 09:07:44.000702
Szczecin,360,Saturday,1970-01-02 14:09:24.997673
Gdynia,516,Saturday,1970-01-02 04:09:49.999723
Radom,620,Thursday,1970-01-02 04:52:42.999487
Mielec,620,Saturday,1970-01-02 22:30:43.001175
Warszawa,360,Monday,1970-01-02 00:16:02.999967
Szczecin,360,Friday,1970-01-02 00:16:41.000002
Radom,360,Saturday,1970-01-02 10:24:11.000404
Warszawa,360,Saturday,1970-01-02 20:45:40.002251
Gdynia,620,Thursday,1970-01-02 22:34:36.000595
Mielec,360,Wednesday,1970-01-02 07:12:07.998734
Szczecin,620,Sunday,1970-01-02 09:11:45.999470
Radom,360,Saturday,1970-01-02 17:26:33.997765
Police,620,Wednesday,1970-01-02 18:08:03.997536
Gdynia,360,Wednesday,1970-01-02 08:19:14.000473
Police,360,Monday,1970-01-02 00:53:46.999998
Kutno,620,Friday,1970-01-02 23:16:57.998314
Radom,620,Monday,1970-01-02 21:32:22.999077
Gdynia,360,Wednesday,1970-01-02 02:12:34.000068
Szczecin,516,Friday,1970-01-02 05:23:31.999798
Gdynia,620,Tuesday,1970-01-02 11:46:43.000259
Konin,516,Wednesday,1970-01-02 11:27:13.999157
Warszawa,620,Friday,1970-01-02 13:38:52.998276
Szczecin,360,Wednesday,1970-01-02 06:08:26.999302
Konin,620,Wednesday,1970-01-02 21:39:32.001457
Mielec,516,Sunday,1970-01-02 11:23:26.999302
Gdynia,620,Thursday,1970-01-02 18:23:47.000427
Radom,620,Saturday,1970-01-02 01:43:16.999741
Gdynia,360,Sunday,1970-01-02 23:08:10.999603
Radom,516,Tuesday,1970-01-02 13:25:07.998848
Gdynia,360,Friday,1970-01-02 13:45:44.001961
Radom,360,Saturday,1970-01-02 04:36:28.999701
Szczecin,516,Thursday,1970-01-02 11:33:02.998753
Radom,360,Monday,1970-01-02 06:30:04.998779
Police,620,Friday,1970-01-02 02:48:09.999747
Szczecin,620,Thursday,1970-01-02 14:23:46.998711
Szczecin,516,Tuesday,1970-01-02 23:36:34.999695
Warszawa,360,Saturday,1970-01-02 21:24:14.001045
Radom,360,Saturday,1970-01-02 03:11:35.999765
Police,620,Friday,1970-01-02 00:50:16.000056
Mielec,516,Sunday,1970-01-02 04:28:07.999964
Gdynia,620,Thursday,1970-01-02 02:37:34.000139
Szczecin,360,Tuesday,1970-01-02 00:40:33.000040
Police,620,Saturday,1970-01-02 23:48:57.998199
Mielec,360,Wednesday,1970-01-02 01:16:23.999920
Warszawa,360,Saturday,1970-01-02 11:32:34.999065
Police,360,Monday,1970-01-02 20:32:08.001022
Gdynia,360,Friday,1970-01-02 03:56:24.000635
Police,516,Thursday,1970-01-02 07:26:32.000484
Police,620,Monday,1970-01-02 14:16:29.998627
Warszawa,516,Friday,1970-01-02 15:38:56.997986
Konin,620,Saturday,1970-01-02 03:23:18.000383
Police,620,Tuesday,1970-01-02 17:11:07.000580
Police,516,Tuesday,1970-01-02 19:20:41.999245
Warszawa,516,Sunday,1970-01-02 22:10:37.001038
Konin,620,Wednesday,1970-01-02 13:56:26.001778
Szczecin,516,Thursday,1970-01-02 21:16:13.000717
Police,360,Sunday,1970-01-02 07:31:00.000801
Gdynia,620,Tuesday,1970-01-02 12:20:06.000137
Radom,360,Sunday,1970-01-02 19:43:51.998062
Police,620,Tuesday,1970-01-02 22:24:59.002075
Mielec,516,Tuesday,1970-01-02 21:04:04.998550
Warszawa,516,Friday,1970-01-02 06:31:32.000198
Warszawa,360,Tuesday,1970-01-02 20:02:47.002487
Warszawa,516,Thursday,1970-01-02 22:43:03.002472
Warszawa,360,Sunday,1970-01-02 16:54:00.997696
Warszawa,516,Friday,1970-01-02 02:14:15.999756
Kutno,360,Sunday,1970-01-02 17:16:59.002533
Mielec,620,Monday,1970-01-02 19:45:46.000099
Konin,360,Tuesday,1970-01-02 23:24:59.997711
Warszawa,620,Sunday,1970-01-02 08:04:18.999252
Radom,516,Wednesday,1970-01-02 08:22:17.999153
Konin,360,Friday,1970-01-02 10:12:01.999168
Police,360,Friday,1970-01-02 16:06:00.001373
Kutno,620,Wednesday,1970-01-02 17:43:52.998848
Szczecin,620,Friday,1970-01-02 20:45:21.998405
Kutno,516,Saturday,1970-01-02 19:29:47.001801
Kutno,620,Wednesday,1970-01-02 14:03:46.998138
Mielec,516,Wednesday,1970-01-02 22:41:04.999008
Gdynia,620,Wednesday,1970-01-02 00:41:56.000032
Police,360,Friday,1970-01-02 14:11:02.999153
Warszawa,620,Friday,1970-01-02 19:40:06.002426
Konin,516,Thursday,1970-01-02 11:15:27.999687
Warszawa,620,Sunday,1970-01-02 15:10:47.000313
Mielec,360,Thursday,1970-01-02 10:48:21.000023
Radom,360,Friday,1970-01-02 19:01:50.002327
Kutno,516,Saturday,1970-01-02 20:11:50.001755
Szczecin,620,Tuesday,1970-01-02 18:27:51.998978
Police,516,Thursday,1970-01-02 23:31:51.001396
Mielec,620,Saturday,1970-01-02 17:54:10.001335
Konin,516,Saturday,1970-01-02 04:27:51.999407
Radom,360,Saturday,1970-01-02 02:32:06.000309
Mielec,620,Thursday,1970-01-02 11:07:20.000725
Gdynia,620,Monday,1970-01-02 00:39:11.999956
Konin,620,Thursday,1970-01-02 19:15:42.999458
Szczecin,516,Saturday,1970-01-02 04:49:38.000450
Kutno,360,Tuesday,1970-01-02 14:44:30.999527
Konin,360,Saturday,1970-01-02 10:25:34.999466
Kutno,360,Wednesday,1970-01-02 23:01:11.998215
Kutno,360,Saturday,1970-01-02 10:25:23.000336
Szczecin,620,Thursday,1970-01-02 08:29:15.998898
Kutno,620,Monday,1970-01-02 06:33:55.000992
Police,620,Sunday,1970-01-02 04:05:49.000025
Warszawa,516,Saturday,1970-01-02 02:06:26.000133
Konin,516,Saturday,1970-01-02 18:12:04.000740
Police,360,Tuesday,1970-01-02 16:11:20.002213
Gdynia,620,Wednesday,1970-01-02 02:28:27.999802
Kutno,360,Wednesday,1970-01-02 11:00:45.999241
Kutno,360,Wednesday,1970-01-02 02:27:46.000271
Kutno,620,Thursday,1970-01-02 19:44:57.998428
Warszawa,620,Monday,1970-01-02 04:40:39.000034
Konin,360,Tuesday,1970-01-02 16:48:36.001511
Police,620,Thursday,1970-01-02 13:19:41.998444
Konin,360,Monday,1970-01-02 05:40:10.000420
Konin,620,Saturday,1970-01-02 18:10:56.002235
Szczecin,620,Wednesday,1970-01-02 15:55:57.001305
Radom,516,Sunday,1970-01-02 15:22:13.000374
Szczecin,516,Saturday,1970-01-02 05:32:18.999796
Szczecin,516,Sunday,1970-01-02 18:53:17.999954
Warszawa,516,Tuesday,1970-01-02 17:36:19.998207
Szczecin,620,Saturday,1970-01-02 13:31:06.000366
Warszawa,516,Tuesday,1970-01-02 19:28:37.999077
Mielec,516,Tuesday,1970-01-02 07:35:32.999039
Gdynia,516,Wednesday,1970-01-02 19:35:06.997490
Police,360,Tuesday,1970-01-02 07:03:21.000023
Kutno,516,Monday,1970-01-02 11:35:36.000538
Warszawa,516,Wednesday,1970-01-02 23:39:36.001167
Radom,516,Thursday,1970-01-02 01:57:01.999812
Mielec,516,Thursday,1970-01-02 20:53:48.001213
Szczecin,620,Saturday,1970-01-02 13:02:53.000336
Konin,360,Friday,1970-01-02 18:20:11.000633
Szczecin,516,Saturday,1970-01-02 12:08:33.001442
Konin,360,Thursday,1970-01-02 04:06:18.000069
Warszawa,516,Thursday,1970-01-02 12:24:21.998749
Konin,516,Tuesday,1970-01-02 22:36:45.998039
Mielec,360,Sunday,1970-01-02 10:15:14.999771
Konin,516,Monday,1970-01-02 06:58:05.000610
Radom,620,Saturday,1970-01-02 06:54:37.001095
Szczecin,360,Monday,1970-01-02 02:52:08.000307
Police,620,Saturday,1970-01-02 11:51:03.000298
Police,360,Thursday,1970-01-02 05:29:36.999950
Police,516,Saturday,1970-01-02 11:44:03.998909
Police,620,Monday,1970-01-02 18:16:10.997429
Mielec,620,Saturday,1970-01-02 13:58:05.002327
Gdynia,360,Sunday,1970-01-02 11:17:31.001072
Kutno,360,Thursday,1970-01-02 20:44:07.001266
Szczecin,620,Wednesday,1970-01-02 21:14:39.000664
Gdynia,516,Sunday,1970-01-02 19:18:22.000809
Police,516,Monday,1970-01-02 12:07:22.999649
Warszawa,516,Thursday,1970-01-02 23:05:45.001602
Kutno,516,Tuesday,1970-01-02 04:54:12.000332
Police,360,Wednesday,1970-01-02 18:04:41.001091
Mielec,620,Tuesday,1970-01-02 01:30:15.999913
Szczecin,360,Thursday,1970-01-02 23:58:33.997650
Szczecin,516,Tuesday,1970-01-02 00:57:06.999879
Warszawa,360,Friday,1970-01-02 13:25:57.998657
Radom,360,Sunday,1970-01-02 15:39:33.999596
Szczecin,360,Monday,1970-01-02 03:12:43.999557
Radom,620,Monday,1970-01-02 21:32:09.001808
Police,620,Monday,1970-01-02 16:42:14.001732
Warszawa,620,Monday,1970-01-02 13:18:54.001923
Police,516,Sunday,1970-01-02 19:17:58.002548
Radom,360,Sunday,1970-01-02 17:46:02.002373
Police,516,Sunday,1970-01-02 18:26:22.999420
Mielec,360,Friday,1970-01-02 13:06:45.000687
Szczecin,620,Tuesday,1970-01-02 13:27:14.000015
Kutno,516,Tuesday,1970-01-02 17:35:55.999947
Warszawa,360,Monday,1970-01-02 14:58:18.002243
Radom,620,Friday,1970-01-02 08:04:15.999470
Radom,360,Sunday,1970-01-02 09:12:54.999619
Szczecin,516,Wednesday,1970-01-02 18:36:14.000359
Warszawa,516,Sunday,1970-01-02 11:40:02.000141
Police,360,Friday,1970-01-02 03:21:19.999495
Mielec,516,Monday,1970-01-02 13:48:04.999466
Radom,620,Monday,1970-01-02 17:16:57.998314
Police,516,Sunday,1970-01-02 03:27:16.999369
Gdynia,516,Thursday,1970-01-02 03:10:22.000408
Radom,516,Thursday,1970-01-02 17:40:44.998741
Police,620,Wednesday,1970-01-02 11:14:32.999382
Konin,516,Wednesday,1970-01-02 14:05:19.000053
Konin,360,Sunday,1970-01-02 13:30:09.001923
Radom,516,Sunday,1970-01-02 02:26:48.000183
Warszawa,360,Sunday,1970-01-02 22:54:04.999123
Radom,516,Friday,1970-01-02 02:41:41.000047
Mielec,516,Tuesday,1970-01-02 21:19:04.001198
Kutno,516,Wednesday,1970-01-02 12:01:48.002472
Warszawa,620,Wednesday,1970-01-02 09:51:13.999500
Police,360,Monday,1970-01-02 18:55:01.001930
Konin,516,Wednesday,1970-01-02 15:44:00.998268
Police,516,Friday,1970-01-02 08:44:47.000084
Szczecin,620,Thursday,1970-01-02 06:36:41.000977
Szczecin,516,Tuesday,1970-01-02 23:46:27.998772
Warszawa,620,Monday,1970-01-02 17:37:22.002296
Gdynia,620,Friday,1970-01-02 21:21:30.998268
Konin,360,Thursday,1970-01-02 14:22:01.998596
Szczecin,516,Wednesday,1970-01-02 17:55:18.998909
Radom,620,Saturday,1970-01-02 20:22:40.998344
Szczecin,360,Tuesday,1970-01-02 14:52:54.999046
Mielec,360,Tuesday,1970-01-02 04:26:31.000128
Gdynia,360,Thursday,1970-01-02 19:06:12.999573
Mielec,516,Saturday,1970-01-02 08:19:52.001152
Gdynia,516,Friday,1970-01-02 13:17:48.001556
Szczecin,516,Sunday,1970-01-02 22:51:53.997459
Konin,516,Sunday,1970-01-02 19:00:16.002274
Szczecin,516,Wednesday,1970-01-02 04:21:50.999393
Gdynia,620,Wednesday,1970-01-02 09:36:14.000359
Szczecin,360,Thursday,1970-01-02 16:58:05.002327
Warszawa,516,Thursday,1970-01-02 00:52:38.999884
Warszawa,620,Sunday,1970-01-02 04:10:17.000341
Police,360,Sunday,1970-01-02 05:24:56.000147
Police,360,Saturday,1970-01-02 10:06:42.000904
Konin,620,Monday,1970-01-02 19:12:13.998299
Radom,360,Thursday,1970-01-02 23:29:28.999672
Szczecin,516,Friday,1970-01-02 18:19:39.998589
Gdynia,516,Monday,1970-01-02 22:56:44.999542
Police,360,Wednesday,1970-01-02 00:37:33.999925
Radom,516,Sunday,1970-01-02 15:01:46.998253
Kutno,360,Friday,1970-01-02 00:21:19.999977
Mielec,620,Friday,1970-01-02 01:33:12.999959
Gdynia,516,Wednesday,1970-01-02 13:19:13.998756
Radom,620,Saturday,1970-01-02 08:25:22.999477
Mielec,360,Thursday,1970-01-02 08:01:10.999146
Szczecin,516,Tuesday,1970-01-02 08:20:54.000092
Radom,360,Friday,1970-01-02 18:06:16.000214
Mielec,620,Monday,1970-01-02 11:08:29.000874
Warszawa,516,Thursday,1970-01-02 02:42:52.000265
Police,516,Sunday,1970-01-02 05:16:36.999836
Warszawa,516,Monday,1970-01-02 13:47:03.999596
Gdynia,620,Saturday,1970-01-02 07:49:43.000946
Warszawa,516,Friday,1970-01-02 06:44:51.000652
Konin,620,Thursday,1970-01-02 00:33:14.999921
Radom,360,Thursday,1970-01-02 16:31:22.999992
Konin,360,Tuesday,1970-01-02 00:28:47.999961
Mielec,516,Saturday,1970-01-02 07:45:24.999046
Mielec,516,Saturday,1970-01-02 13:21:56.002464
Szczecin,516,Monday,1970-01-02 20:38:02.001114
Szczecin,620,Monday,1970-01-02 08:55:53.000736
Kutno,360,Sunday,1970-01-02 13:38:28.000946
Warszawa,516,Wednesday,1970-01-02 18:31:32.999268
Mielec,516,Sunday,1970-01-02 01:29:03.999982
Radom,360,Sunday,1970-01-02 06:06:27.999344
Konin,516,Friday,1970-01-02 21:39:00.000343
Warszawa,620,Monday,1970-01-02 16:38:17.999954
Police,360,Friday,1970-01-02 19:37:28.999214
Warszawa,620,Sunday,1970-01-02 19:06:12.999573
Warszawa,620,Friday,1970-01-02 10:56:55.999603
Police,620,Tuesday,1970-01-02 15:03:25.998802
Mielec,360,Saturday,1970-01-02 04:07:05.000095
Radom,360,Friday,1970-01-02 07:05:25.000477
Kutno,620,Tuesday,1970-01-02 09:37:51.999264
Police,360,Saturday,1970-01-02 04:35:01.999569
Mielec,620,Friday,1970-01-02 09:41:34.001198
Gdynia,516,Friday,1970-01-02 23:45:31.000328
Police,620,Saturday,1970-01-02 03:04:38.000021
Gdynia,516,Thursday,1970-01-02 19:29:54.999504
Szczecin,516,Monday,1970-01-02 12:52:17.000084
Warszawa,516,Sunday,1970-01-02 08:01:32.000198
Gdynia,620,Thursday,1970-01-02 00:03:00.000009
Police,620,Thursday,1970-01-02 08:39:56.999645
Szczecin,620,Tuesday,1970-01-02 15:30:09.999275
Mielec,360,Wednesday,1970-01-02 20:26:40.002480
Warszawa,516,Saturday,1970-01-02 09:31:48.999825
Mielec,516,Saturday,1970-01-02 13:42:27.999001
Mielec,360,Sunday,1970-01-02 18:23:03.000183
Szczecin,360,Saturday,1970-01-02 08:54:52.000866
Szczecin,516,Saturday,1970-01-02 15:25:47.002029
Police,516,Friday,1970-01-02 13:27:23.001938
Warszawa,620,Tuesday,1970-01-02 01:16:12.999859
Police,360,Tuesday,1970-01-02 22:44:17.000542
Kutno,516,Thursday,1970-01-02 16:10:41.002464
Police,620,Wednesday,1970-01-02 10:25:28.000832
Police,516,Friday,1970-01-02 04:14:23.999605
Warszawa,360,Friday,1970-01-02 17:16:49.001541
Radom,620,Monday,1970-01-02 03:32:05.000381
Warszawa,360,Sunday,1970-01-02 23:53:30.002518
Police,516,Monday,1970-01-02 22:16:03.001442
Radom,620,Saturday,1970-01-02 13:31:16.001358
Radom,620,Saturday,1970-01-02 10:46:03.998795
Szczecin,620,Saturday,1970-01-02 05:15:00.000000
Gdynia,516,Sunday,1970-01-02 02:24:47.000155
Konin,620,Wednesday,1970-01-02 18:52:02.997665
Konin,516,Tuesday,1970-01-02 09:32:03.998737
Gdynia,360,Wednesday,1970-01-02 21:48:35.999794
Kutno,360,Monday,1970-01-02 02:50:03.999853
Konin,620,Friday,1970-01-02 09:42:53.998833
Szczecin,620,Monday,1970-01-02 00:43:48.999943
Konin,516,Monday,1970-01-02 22:13:52.998848
Gdynia,516,Saturday,1970-01-02 14:26:20.000496
Szczecin,620,Tuesday,1970-01-02 21:52:15.001945
Gdynia,620,Saturday,1970-01-02 00:47:16.999941
Police,620,Thursday,1970-01-02 11:35:31.999111
Police,360,Friday,1970-01-02 08:15:50.998878
Konin,360,Thursday,1970-01-02 13:07:03.998451
Gdynia,620,Tuesday,1970-01-02 11:18:19.000168
Gdynia,620,Thursday,1970-01-02 01:34:20.999751
Police,360,Monday,1970-01-02 06:32:38.999634
Warszawa,516,Sunday,1970-01-02 04:08:33.999653
Warszawa,620,Saturday,1970-01-02 12:39:05.000839
Konin,620,Saturday,1970-01-02 12:29:32.997665
Radom,516,Monday,1970-01-02 06:18:10.999031
Police,516,Wednesday,1970-01-02 16:45:44.001961
Gdynia,620,Saturday,1970-01-02 01:58:10.999961
Konin,360,Saturday,1970-01-02 19:57:00.001030
Szczecin,516,Sunday,1970-01-02 10:05:44.999886
Mielec,360,Wednesday,1970-01-02 16:53:10.997887
Gdynia,620,Friday,1970-01-02 04:24:33.000526
Radom,620,Thursday,1970-01-02 23:07:00.997810
Kutno,620,Saturday,1970-01-02 20:43:46.000214
Radom,620,Friday,1970-01-02 12:48:11.002464
Radom,620,Thursday,1970-01-02 14:08:19.002457
Police,360,Saturday,1970-01-02 10:36:13.999500
Szczecin,516,Sunday,1970-01-02 15:26:05.999794
Szczecin,360,Monday,1970-01-02 08:03:26.998730
Mielec,516,Friday,1970-01-02 15:42:23.001938
Warszawa,360,Monday,1970-01-02 22:56:45.998611
Konin,620,Wednesday,1970-01-02 14:03:22.999878
Konin,360,Saturday,1970-01-02 05:40:50.000525
Warszawa,620,Thursday,1970-01-02 09:34:54.999218
Police,360,Sunday,1970-01-02 14:48:21.001740
Police,360,Monday,1970-01-02 01:20:22.999871
Warszawa,620,Friday,1970-01-02 02:05:01.999784
Police,360,Thursday,1970-01-02 15:40:51.999092
Konin,516,Wednesday,1970-01-02 23:35:01.998711
Radom,360,Sunday,1970-01-02 08:06:34.998837
Szczecin,620,Friday,1970-01-02 10:23:54.999847
Police,516,Tuesday,1970-01-02 06:09:10.999546
Kutno,516,Thursday,1970-01-02 06:21:51.999321
Radom,360,Wednesday,1970-01-02 05:20:37.999535
Szczecin,360,Saturday,1970-01-02 16:12:32.002144
Radom,516,Thursday,1970-01-02 16:53:59.998627
Warszawa,620,Sunday,1970-01-02 07:07:02.999382
Warszawa,360,Saturday,1970-01-02 10:57:03.000813
Warszawa,516,Monday,1970-01-02 00:49:29.000030
Police,516,Tuesday,1970-01-02 08:14:29.000530
Police,620,Friday,1970-01-02 12:02:01.000671
Warszawa,516,Sunday,1970-01-02 23:53:55.998917
Konin,620,Saturday,1970-01-02 18:06:22.998848
Szczecin,516,Friday,1970-01-02 20:47:37.001495
Szczecin,620,Saturday,1970-01-02 16:45:40.999603
Konin,516,Sunday,1970-01-02 14:16:37.002411
Radom,516,Monday,1970-01-02 22:06:18.999138
Kutno,516,Tuesday,1970-01-02 01:56:50.999751
Mielec,360,Tuesday,1970-01-02 19:31:28.000488
Warszawa,360,Wednesday,1970-01-02 00:58:47.999854
Mielec,620,Saturday,1970-01-02 18:59:57.998428
Gdynia,620,Monday,1970-01-02 18:39:39.000092
Konin,360,Sunday,1970-01-02 03:25:46.000385
Szczecin,620,Monday,1970-01-02 18:32:03.002243
Police,516,Tuesday,1970-01-02 21:25:21.999550
Radom,620,Saturday,1970-01-02 07:31:03.999653
Police,516,Saturday,1970-01-02 09:38:26.001091
Police,620,Tuesday,1970-01-02 21:29:41.999588
Radom,360,Monday,1970-01-02 23:34:07.997475
Szczecin,516,Thursday,1970-01-02 04:38:53.999920
Konin,516,Tuesday,1970-01-02 21:02:00.001602
Warszawa,360,Thursday,1970-01-02 03:07:40.999632
Konin,360,Monday,1970-01-02 13:20:24.000549
Konin,620,Friday,1970-01-02 22:54:08.001480
Gdynia,620,Thursday,1970-01-02 09:20:41.001034
Radom,360,Sunday,1970-01-02 21:51:28.998413
Gdynia,516,Sunday,1970-01-02 12:50:22.998047
Szczecin,516,Sunday,1970-01-02 12:00:49.000740
Police,516,Friday,1970-01-02 23:11:17.001572
Police,516,Monday,1970-01-02 10:04:49.000511
Gdynia,516,Sunday,1970-01-02 15:25:17.998123
Radom,360,Sunday,1970-01-02 18:01:34.999123
Police,360,Wednesday,1970-01-02 09:01:59.999027
Police,360,Monday,1970-01-02 13:18:19.997520
Radom,360,Friday,1970-01-02 00:13:53.999982
Warszawa,516,Saturday,1970-01-02 16:37:37.002068
Warszawa,360,Tuesday,1970-01-02 07:07:52.999191
Kutno,360,Friday,1970-01-02 09:28:51.999779
Kutno,360,Wednesday,1970-01-02 11:29:12.999115
Gdynia,360,Saturday,1970-01-02 19:41:02.001801
Konin,516,Monday,1970-01-02 11:07:14.001160
Police,360,Tuesday,1970-01-02 20:40:32.000542
Konin,620,Friday,1970-01-02 15:56:09.000435
Police,516,Thursday,1970-01-02 21:28:12.000961
Radom,516,Monday,1970-01-02 09:42:21.001225
Police,516,Thursday,1970-01-02 16:58:33.002014
Konin,360,Tuesday,1970-01-02 20:23:25.997658
Police,516,Tuesday,1970-01-02 23:13:38.998146
Konin,516,Friday,1970-01-02 08:38:55.999775
Police,620,Monday,1970-01-02 22:51:45.999756
Warszawa,516,Saturday,1970-01-02 22:10:30.002403
Police,360,Sunday,1970-01-02 05:17:05.999880
Gdynia,516,Monday,1970-01-02 16:56:00.999298
Szczecin,360,Sunday,1970-01-02 07:08:11.999531
Radom,620,Sunday,1970-01-02 08:25:05.999851
Konin,620,Saturday,1970-01-02 00:14:57.000003
Konin,620,Tuesday,1970-01-02 22:22:39.997559
Mielec,360,Friday,1970-01-02 09:12:35.999279
Police,516,Monday,1970-01-02 20:57:39.002495
Radom,620,Wednesday,1970-01-02 08:08:02.999325
Radom,360,Wednesday,1970-01-02 09:57:29.000645
Radom,360,Tuesday,1970-01-02 22:34:57.001648
Szczecin,620,Friday,1970-01-02 01:16:23.999920
Mielec,360,Thursday,1970-01-02 11:12:52.999763
Konin,516,Monday,1970-01-02 11:59:43.000374
Warszawa,516,Tuesday,1970-01-02 07:53:50.999279
Szczecin,620,Monday,1970-01-02 06:59:59.999142
Szczecin,516,Saturday,1970-01-02 23:39:10.998688
Mielec,516,Thursday,1970-01-02 04:24:16.999969
Radom,516,Wednesday,1970-01-02 03:31:26.999702
Warszawa,516,Sunday,1970-01-02 09:24:01.999340
Kutno,516,Saturday,1970-01-02 14:58:09.999390
Warszawa,620,Saturday,1970-01-02 00:04:34.999997
Police,516,Saturday,1970-01-02 23:53:58.002205
Szczecin,620,Thursday,1970-01-02 23:09:12.998543
Szczecin,360,Thursday,1970-01-02 05:05:45.999384
Szczecin,516,Friday,1970-01-02 06:07:14.000301
Radom,360,Sunday,1970-01-02 07:27:38.000851
Konin,516,Thursday,1970-01-02 06:29:30.999527
Szczecin,516,Tuesday,1970-01-02 13:35:08.001709
Radom,620,Friday,1970-01-02 23:51:42.000046
Szczecin,516,Friday,1970-01-02 23:19:46.001587
Kutno,620,Monday,1970-01-02 15:30:49.998093
Mielec,360,Saturday,1970-01-02 08:53:38.000221
Szczecin,620,Wednesday,1970-01-02 19:26:01.001015
Szczecin,620,Saturday,1970-01-02 06:01:26.998844
Police,516,Sunday,1970-01-02 20:30:01.999855
Police,620,Wednesday,1970-01-02 14:02:56.998329
Radom,620,Saturday,1970-01-02 23:20:04.000282
Kutno,620,Saturday,1970-01-02 05:32:50.999622
Gdynia,516,Thursday,1970-01-02 14:54:38.001022
Gdynia,360,Friday,1970-01-02 00:33:56.000061
Gdynia,360,Sunday,1970-01-02 05:39:56.000576
Mielec,620,Thursday,1970-01-02 22:38:05.001755
Police,620,Thursday,1970-01-02 09:04:08.000908
Gdynia,516,Saturday,1970-01-02 15:18:59.000702
Radom,620,Saturday,1970-01-02 18:56:42.000618
Police,620,Monday,1970-01-02 17:40:21.000481
Szczecin,360,Saturday,1970-01-02 20:28:27.000732
Mielec,620,Tuesday,1970-01-02 06:37:07.999020
Police,360,Friday,1970-01-02 02:23:24.999876
Szczecin,516,Friday,1970-01-02 18:08:13.998528
Szczecin,360,Saturday,1970-01-02 11:58:12.000103
Radom,360,Sunday,1970-01-02 03:03:24.999733
Mielec,620,Wednesday,1970-01-02 12:10:31.998825
Mielec,360,Saturday,1970-01-02 08:57:58.999329
Gdynia,620,Tuesday,1970-01-02 07:36:15.001144
Mielec,516,Wednesday,1970-01-02 18:36:04.998436
Konin,360,Monday,1970-01-02 04:06:42.999973
Radom,620,Tuesday,1970-01-02 15:44:00.998268
Police,516,Saturday,1970-01-02 05:36:37.999477
Police,360,Friday,1970-01-02 18:12:08.002167
Kutno,620,Tuesday,1970-01-02 16:50:50.000381
Radom,620,Tuesday,1970-01-02 14:33:08.001823
Police,516,Thursday,1970-01-02 19:29:54.999504
Konin,516,Friday,1970-01-02 03:55:19.000626
Konin,620,Wednesday,1970-01-02 21:31:56.997528
Police,360,Sunday,1970-01-02 12:15:07.000351
Mielec,360,Thursday,1970-01-02 02:32:18.999796
Gdynia,360,Sunday,1970-01-02 15:44:43.999443
Gdynia,620,Sunday,1970-01-02 01:48:25.000162
Gdynia,360,Saturday,1970-01-02 20:39:15.000114
Radom,620,Monday,1970-01-02 02:31:26.999917
Konin,620,Friday,1970-01-02 07:27:08.999519
Konin,360,Wednesday,1970-01-02 00:20:54.999992
Radom,360,Thursday,1970-01-02 01:10:52.999985
Szczecin,620,Thursday,1970-01-02 19:39:14.998398
Mielec,620,Wednesday,1970-01-02 21:11:20.000496
Radom,620,Monday,1970-01-02 09:38:01.001186
Radom,516,Monday,1970-01-02 02:15:35.000253
Warszawa,516,Thursday,1970-01-02 13:39:40.000877
Warszawa,620,Thursday,1970-01-02 17:38:06.002541
Police,516,Tuesday,1970-01-02 00:08:29.000015
Szczecin,516,Friday,1970-01-02 14:03:00.999756
Radom,516,Thursday,1970-01-02 03:08:13.999815
Szczecin,516,Friday,1970-01-02 12:04:52.001152
Police,360,Wednesday,1970-01-02 04:07:54.999905
Konin,516,Friday,1970-01-02 08:03:44.000931
Warszawa,620,Saturday,1970-01-02 07:38:06.999893
Gdynia,516,Wednesday,1970-01-02 23:59:03.001556
Radom,620,Wednesday,1970-01-02 15:55:32.997894
Police,516,Wednesday,1970-01-02 11:51:09.998932
Gdynia,360,Saturday,1970-01-02 18:45:20.001984
Radom,360,Saturday,1970-01-02 04:33:49.000568
Szczecin,620,Monday,1970-01-02 09:30:31.999397
Konin,516,Monday,1970-01-02 06:51:13.999500
Szczecin,620,Saturday,1970-01-02 03:05:27.999830
Police,620,Sunday,1970-01-02 14:08:28.998299
Police,516,Sunday,1970-01-02 04:00:26.999760
Konin,516,Monday,1970-01-02 06:07:47.000484
Police,620,Monday,1970-01-02 03:00:06.999922
Szczecin,620,Saturday,1970-01-02 12:45:11.000061
Radom,516,Thursday,1970-01-02 17:12:36.999207
Gdynia,360,Tuesday,1970-01-02 15:28:38.002510
Mielec,360,Wednesday,1970-01-02 23:42:12.999229
Gdynia,620,Saturday,1970-01-02 20:39:54.998932
Mielec,620,Thursday,1970-01-02 16:54:07.002411
Warszawa,360,Wednesday,1970-01-02 03:56:46.999826
Gdynia,620,Thursday,1970-01-02 04:16:26.000633
Kutno,516,Tuesday,1970-01-02 20:58:25.000877
Warszawa,360,Sunday,1970-01-02 16:33:26.997871
Police,516,Thursday,1970-01-02 14:53:31.001587
Szczecin,360,Saturday,1970-01-02 15:58:28.998871
Warszawa,360,Sunday,1970-01-02 15:53:07.998962
Warszawa,620,Wednesday,1970-01-02 17:31:46.999969
Szczecin,620,Thursday,1970-01-02 11:35:00.999641
Kutno,516,Tuesday,1970-01-02 15:43:40.002365
Szczecin,620,Thursday,1970-01-02 13:41:26.000061
Szczecin,360,Wednesday,1970-01-02 10:54:28.000889
Gdynia,516,Wednesday,1970-01-02 08:13:25.000877
Szczecin,360,Friday,1970-01-02 11:54:58.000431
Warszawa,360,Saturday,1970-01-02 20:25:03.999138
Gdynia,360,Thursday,1970-01-02 17:40:44.998741
Warszawa,620,Sunday,1970-01-02 10:42:40.000706
Radom,360,Monday,1970-01-02 00:31:29.999968
Police,360,Friday,1970-01-02 19:24:40.998230
Warszawa,360,Sunday,1970-01-02 04:33:33.000011
Gdynia,516,Saturday,1970-01-02 13:53:04.998322
Police,360,Saturday,1970-01-02 06:06:35.000553
Radom,516,Sunday,1970-01-02 22:26:16.002502
Mielec,516,Thursday,1970-01-02 06:40:20.999622
Police,516,Sunday,1970-01-02 13:49:12.997971
Mielec,620,Saturday,1970-01-02 01:22:21.000116
Gdynia,516,Tuesday,1970-01-02 19:54:48.999367
Police,620,Tuesday,1970-01-02 19:24:45.998726
Radom,516,Wednesday,1970-01-02 03:08:42.999859
Kutno,360,Monday,1970-01-02 08:30:52.998734
Mielec,620,Monday,1970-01-02 06:12:38.999062
Kutno,360,Thursday,1970-01-02 12:36:03.999367
Police,620,Saturday,1970-01-02 20:52:08.001595
Kutno,620,Sunday,1970-01-02 18:44:48.000870
Gdynia,360,Thursday,1970-01-02 04:51:02.999868
Szczecin,516,Tuesday,1970-01-02 19:43:35.997505
Gdynia,620,Friday,1970-01-02 11:50:36.998749
Szczecin,360,Friday,1970-01-02 00:27:46.000056
Police,516,Friday,1970-01-02 18:49:35.001526
Police,620,Saturday,1970-01-02 01:09:01.999984
Kutno,620,Thursday,1970-01-02 08:28:50.998993
Warszawa,360,Wednesday,1970-01-02 17:47:15.001373
Kutno,360,Sunday,1970-01-02 09:12:56.001263
Warszawa,516,Sunday,1970-01-02 13:38:02.998466
Konin,516,Thursday,1970-01-02 06:22:43.999844
Konin,516,Friday,1970-01-02 07:15:53.999519
Szczecin,360,Wednesday,1970-01-02 23:53:04.000969
Szczecin,620,Tuesday,1970-01-02 20:04:56.000862
Konin,516,Monday,1970-01-02 03:26:23.999777
Gdynia,620,Thursday,1970-01-02 12:29:56.002007
Konin,516,Saturday,1970-01-02 09:29:19.999466
Radom,620,Saturday,1970-01-02 02:47:37.000208
Konin,620,Sunday,1970-01-02 08:33:46.998997
Radom,516,Thursday,1970-01-02 02:32:27.999787
Police,516,Saturday,1970-01-02 02:02:26.000147
Mielec,620,Friday,1970-01-02 12:39:53.002510
Gdynia,516,Friday,1970-01-02 10:33:33.999081
Szczecin,516,Saturday,1970-01-02 11:06:45.998898
Mielec,360,Sunday,1970-01-02 05:43:54.999561
Gdynia,516,Thursday,1970-01-02 13:10:36.001968
Szczecin,360,Sunday,1970-01-02 17:12:47.000198
Mielec,516,Monday,1970-01-02 01:12:30.000143
