2021-06-05 20:19:28.098405,0,Mielec,516,5,21:40:56,1,78.86257934570312
2021-06-05 20:19:28.146296,1,Konin,620,2,09:19:51,1,51.21400833129883
2021-06-05 20:19:28.197522,2,Szczecin,360,2,06:41:12,1,28.95345687866211
2021-06-05 20:19:28.248412,3,Police,516,6,11:13:12,1,29.43745994567871
2021-06-05 20:19:28.297873,4,Warszawa,516,1,14:49:11,1,24.51799774169922
2021-06-05 20:19:28.308334,5,Gdynia,360,4,21:58:14,0,48.5
2021-06-05 20:19:28.356694,6,Szczecin,620,2,00:14:28,1,28.596445083618164
2021-06-05 20:19:28.415411,7,Gdynia,360,4,08:19:08,1,68.34818267822266
2021-06-05 20:19:28.431763,8,Gdynia,620,6,05:12:48,0,33.25
2021-06-05 20:19:28.441462,9,Radom,620,6,07:42:23,0,49.0
2021-06-05 20:19:28.452429,10,Mielec,516,3,12:51:00,0,54.25
2021-06-05 20:19:28.508384,11,Gdynia,620,0,01:21:44,1,45.311866760253906
2021-06-05 20:19:28.565207,12,Szczecin,516,1,02:22:44,1,28.90422248840332
2021-06-05 20:19:28.579372,13,Warszawa,620,3,06:49:08,0,49.25
2021-06-05 20:19:28.592338,14,Radom,620,5,05:41:12,0,57.5
2021-06-05 20:19:28.645205,15,Police,620,1,13:45:06,1,23.854961395263672
2021-06-05 20:19:28.703876,16,Mielec,516,5,10:02:36,1,78.1751708984375
2021-06-05 20:19:28.759077,17,Warszawa,516,0,13:40:18,1,23.372190475463867
2021-06-05 20:19:28.773310,18,Konin,516,5,01:50:29,0,47.0
2021-06-05 20:19:28.826870,19,Konin,360,1,02:32:18,1,52.71043395996094
2021-06-05 20:19:28.886735,20,Warszawa,516,2,12:22:19,1,25.651887893676758
2021-06-05 20:19:28.943876,21,Police,620,1,21:51:16,1,24.215900421142578
2021-06-05 20:19:28.958231,22,Kutno,360,4,18:46:07,0,58.5
2021-06-05 20:19:29.013039,23,Police,360,5,00:59:46,1,51.76538848876953
2021-06-05 20:19:29.077886,24,Police,516,2,16:29:10,1,27.6508846282959
2021-06-05 20:19:29.096952,25,Szczecin,620,5,05:00:34,0,38.5
2021-06-05 20:19:29.111072,26,Szczecin,620,6,17:29:00,0,30.0
2021-06-05 20:19:29.118014,27,Radom,516,5,04:27:37,0,55.0
2021-06-05 20:19:29.179846,28,Radom,620,4,08:55:25,1,56.37773513793945
2021-06-05 20:19:29.197369,29,Kutno,360,0,11:56:55,0,48.75
2021-06-05 20:19:29.210336,30,Police,516,5,10:25:22,0,35.25
2021-06-05 20:19:29.222302,31,Radom,516,1,22:11:40,0,45.0
2021-06-05 20:19:29.281145,32,Radom,516,5,11:07:31,1,46.97434997558594
2021-06-05 20:19:29.345752,33,Mielec,360,4,14:34:31,1,77.85826110839844
2021-06-05 20:19:29.399568,34,Police,360,5,23:26:09,1,39.564762115478516
2021-06-05 20:19:29.457413,35,Konin,516,2,02:34:48,1,54.04903030395508
2021-06-05 20:19:29.513272,36,Police,360,4,23:25:10,1,34.972232818603516
2021-06-05 20:19:29.572862,37,Radom,620,5,14:39:50,1,44.35736083984375
2021-06-05 20:19:29.630086,38,Warszawa,360,6,22:19:22,1,37.70468521118164
2021-06-05 20:19:29.687482,39,Mielec,516,4,11:33:32,1,72.79153442382812
2021-06-05 20:19:29.747002,40,Gdynia,360,2,09:33:03,1,51.78431701660156
2021-06-05 20:19:29.760758,41,Mielec,620,3,02:00:36,0,57.0
2021-06-05 20:19:29.816603,42,Warszawa,620,3,11:56:34,1,39.156898498535156
2021-06-05 20:19:29.830945,43,Gdynia,620,0,07:47:50,0,33.25
2021-06-05 20:19:29.841045,44,Kutno,620,1,12:27:10,0,41.5
2021-06-05 20:19:29.896170,45,Gdynia,620,0,05:23:58,1,44.71426010131836
2021-06-05 20:19:29.949512,46,Szczecin,620,1,18:56:49,1,23.99931526184082
2021-06-05 20:19:30.006565,47,Mielec,516,0,10:01:38,1,74.9280776977539
2021-06-05 20:19:30.064305,48,Szczecin,516,0,04:29:29,1,28.802547454833984
2021-06-05 20:19:30.077965,49,Police,516,6,02:02:37,0,27.25
2021-06-05 20:19:30.135174,50,Radom,620,4,11:34:51,1,57.142921447753906
2021-06-05 20:19:30.192097,51,Konin,516,2,00:38:15,1,55.7570686340332
2021-06-05 20:19:30.250324,52,Warszawa,360,0,05:30:36,1,35.8905143737793
2021-06-05 20:19:30.307464,53,Warszawa,360,1,02:53:50,1,34.810638427734375
2021-06-05 20:19:30.319485,54,Szczecin,360,1,09:11:18,0,34.5
2021-06-05 20:19:30.328447,55,Konin,620,4,03:56:34,0,51.25
2021-06-05 20:19:30.386211,56,Police,516,5,12:07:52,1,41.639434814453125
2021-06-05 20:19:30.400584,57,Warszawa,360,3,09:22:43,0,54.75
2021-06-05 20:19:30.411560,58,Police,620,2,16:10:04,0,29.25
2021-06-05 20:19:30.465430,59,Kutno,620,6,20:09:20,1,44.0345458984375
2021-06-05 20:19:30.521736,60,Radom,620,0,11:03:47,1,42.84175109863281
2021-06-05 20:19:30.535965,61,Warszawa,360,4,07:57:36,0,61.5
2021-06-05 20:19:30.591788,62,Szczecin,516,5,09:35:02,1,42.75771713256836
2021-06-05 20:19:30.648490,63,Mielec,516,3,13:46:06,1,90.77117919921875
2021-06-05 20:19:30.662892,64,Gdynia,516,6,00:32:14,0,30.75
2021-06-05 20:19:30.715410,65,Gdynia,516,2,12:11:53,1,43.428741455078125
2021-06-05 20:19:30.729743,66,Gdynia,360,0,00:40:30,0,39.25
2021-06-05 20:19:30.784274,67,Mielec,620,1,16:46:52,1,71.72854614257812
2021-06-05 20:19:30.843387,68,Mielec,620,5,00:20:24,1,76.20812225341797
2021-06-05 20:19:30.900024,69,Gdynia,360,2,17:24:13,1,52.208709716796875
2021-06-05 20:19:30.960253,70,Szczecin,620,4,17:14:54,1,28.62640953063965
2021-06-05 20:19:30.974581,71,Konin,620,6,19:03:10,0,41.0
2021-06-05 20:19:30.990023,72,Gdynia,516,3,03:21:42,0,34.0
2021-06-05 20:19:30.996966,73,Police,360,2,10:49:27,0,35.0
2021-06-05 20:19:31.009936,74,Warszawa,620,5,07:56:27,0,54.0
2021-06-05 20:19:31.072542,75,Szczecin,516,4,23:56:45,1,30.54753303527832
2021-06-05 20:19:31.085649,76,Kutno,516,3,01:14:25,0,43.75
2021-06-05 20:19:31.097202,77,Police,360,0,14:38:47,0,35.5
2021-06-05 20:19:31.106180,78,Konin,360,1,08:46:51,0,45.5
2021-06-05 20:19:31.116310,79,Konin,516,0,06:08:15,0,39.0
2021-06-05 20:19:31.127281,80,Police,620,0,18:46:02,0,29.75
2021-06-05 20:19:31.138397,81,Konin,360,5,09:17:17,0,55.0
2021-06-05 20:19:31.193215,82,Gdynia,516,0,10:31:17,1,38.80937957763672
2021-06-05 20:19:31.254497,83,Konin,620,2,07:14:50,1,51.87245559692383
2021-06-05 20:19:31.269388,84,Szczecin,620,5,21:20:55,0,38.0
2021-06-05 20:19:31.280539,85,Gdynia,516,4,00:41:10,0,40.75
2021-06-05 20:19:31.288520,86,Szczecin,360,6,19:16:48,0,35.75
2021-06-05 20:19:31.296463,87,Warszawa,516,6,14:03:59,0,43.25
2021-06-05 20:19:31.352599,88,Szczecin,516,6,06:59:28,1,30.48481559753418
2021-06-05 20:19:31.366630,89,Mielec,620,2,17:13:35,0,53.25
2021-06-05 20:19:31.419384,90,Police,620,6,10:39:21,1,27.649385452270508
2021-06-05 20:19:31.478815,91,Warszawa,360,0,03:58:05,1,35.8958854675293
2021-06-05 20:19:31.539187,92,Szczecin,516,0,01:06:35,1,29.19892120361328
2021-06-05 20:19:31.552514,93,Mielec,360,3,05:35:54,0,62.75
2021-06-05 20:19:31.563497,94,Konin,516,6,22:11:05,0,38.25
2021-06-05 20:19:31.616339,95,Gdynia,620,6,03:22:31,1,43.51099395751953
2021-06-05 20:19:31.675109,96,Gdynia,360,0,21:51:43,1,49.33038330078125
2021-06-05 20:19:31.735999,97,Kutno,516,2,12:55:10,1,36.85151290893555
2021-06-05 20:19:31.749880,98,Police,360,2,09:43:04,0,35.0
2021-06-05 20:19:31.760294,99,Konin,516,2,00:28:29,0,38.5
2021-06-05 20:19:31.772146,100,Gdynia,620,4,19:26:42,0,43.0
2021-06-05 20:19:31.826179,101,Szczecin,620,4,02:54:14,1,25.970104217529297
2021-06-05 20:19:31.838186,102,Konin,620,0,23:10:39,0,41.0
2021-06-05 20:19:31.892197,103,Radom,516,0,13:44:32,1,27.08553123474121
2021-06-05 20:19:31.907634,104,Kutno,516,0,03:46:35,0,40.75
2021-06-05 20:19:31.914617,105,Police,620,5,22:07:14,0,37.5
2021-06-05 20:19:31.969629,106,Szczecin,620,4,21:13:24,1,29.21680450439453
2021-06-05 20:19:31.984479,107,Police,360,3,00:14:48,0,38.75
2021-06-05 20:19:32.034956,108,Police,516,1,04:42:39,1,28.36159324645996
2021-06-05 20:19:32.049765,109,Mielec,620,4,12:05:52,0,63.5
2021-06-05 20:19:32.104734,110,Warszawa,516,5,22:09:35,1,41.01457977294922
2021-06-05 20:19:32.161315,111,Konin,620,5,12:22:35,1,49.2678108215332
2021-06-05 20:19:32.217479,112,Radom,516,2,23:08:58,1,35.34576416015625
2021-06-05 20:19:32.276684,113,Szczecin,360,3,07:47:33,1,30.270740509033203
2021-06-05 20:19:32.291803,114,Mielec,620,5,09:02:27,0,61.75
2021-06-05 20:19:32.299786,115,Warszawa,516,4,14:22:45,0,53.25
2021-06-05 20:19:32.313750,116,Radom,620,6,15:43:46,0,49.0
2021-06-05 20:19:32.372852,117,Police,620,0,00:31:51,1,29.244586944580078
2021-06-05 20:19:32.386827,118,Police,360,2,09:49:48,0,35.0
2021-06-05 20:19:32.441904,119,Kutno,360,3,18:36:14,1,47.44998550415039
2021-06-05 20:19:32.500396,120,Radom,360,4,15:37:41,1,62.853004455566406
2021-06-05 20:19:32.560139,121,Szczecin,620,6,21:05:17,1,25.020612716674805
2021-06-05 20:19:32.613875,122,Konin,360,6,08:45:31,1,54.02113342285156
2021-06-05 20:19:32.628584,123,Police,516,1,04:31:43,0,26.0
2021-06-05 20:19:32.636563,124,Radom,360,6,20:27:08,0,54.75
2021-06-05 20:19:32.653756,125,Gdynia,360,4,14:14:38,0,48.75
2021-06-05 20:19:32.707210,126,Police,516,3,00:06:34,1,32.79125213623047
2021-06-05 20:19:32.721474,127,Warszawa,516,2,00:54:13,0,43.25
2021-06-05 20:19:32.782503,128,Gdynia,516,5,06:52:11,1,52.1490592956543
2021-06-05 20:19:32.839314,129,Police,516,4,06:01:09,1,29.814117431640625
2021-06-05 20:19:32.898950,130,Warszawa,516,4,09:24:31,1,28.838159561157227
2021-06-05 20:19:32.966790,131,Mielec,516,6,10:19:23,1,75.56871795654297
2021-06-05 20:19:32.985906,132,Radom,620,0,07:03:18,0,49.5
2021-06-05 20:19:33.047736,133,Police,620,1,02:52:42,1,24.32536506652832
2021-06-05 20:19:33.104383,134,Police,360,0,03:33:47,1,31.43845558166504
2021-06-05 20:19:33.117744,135,Mielec,360,2,09:11:15,0,59.0
2021-06-05 20:19:33.128088,136,Kutno,620,1,20:32:47,0,41.5
2021-06-05 20:19:33.181944,137,Gdynia,620,2,18:45:01,1,43.995418548583984
2021-06-05 20:19:33.245901,138,Warszawa,516,1,01:11:25,1,23.745607376098633
2021-06-05 20:19:33.264136,139,Police,516,5,09:38:01,0,35.25
2021-06-05 20:19:33.276004,140,Kutno,516,2,10:59:27,0,40.0
2021-06-05 20:19:33.330053,141,Warszawa,620,1,08:51:45,1,40.26567840576172
2021-06-05 20:19:33.390680,142,Mielec,360,6,02:11:29,1,66.96996307373047
2021-06-05 20:19:33.458196,143,Gdynia,620,4,01:39:36,1,57.68305206298828
2021-06-05 20:19:33.524263,144,Szczecin,620,4,01:58:51,1,25.822843551635742
2021-06-05 20:19:33.538274,145,Warszawa,360,4,16:02:12,0,61.5
2021-06-05 20:19:33.596948,146,Warszawa,620,6,09:49:06,1,39.52356719970703
2021-06-05 20:19:33.654505,147,Radom,360,2,01:58:42,1,47.004764556884766
2021-06-05 20:19:33.734533,148,Warszawa,516,0,15:25:16,1,23.669708251953125
2021-06-05 20:19:33.748808,149,Gdynia,620,4,15:05:26,0,43.0
2021-06-05 20:19:33.757755,150,Konin,620,3,08:03:09,0,44.25
2021-06-05 20:19:33.770752,151,Mielec,620,0,08:26:59,0,53.75
2021-06-05 20:19:33.780692,152,Szczecin,516,6,08:04:56,0,27.5
2021-06-05 20:19:33.848938,153,Warszawa,360,5,20:41:16,1,41.33788299560547
2021-06-05 20:19:33.906567,154,Szczecin,516,2,01:12:09,1,30.955976486206055
2021-06-05 20:19:33.920948,155,Radom,516,1,21:19:29,0,45.0
2021-06-05 20:19:33.985326,156,Radom,620,4,05:24:46,1,55.497283935546875
2021-06-05 20:19:33.999700,157,Konin,620,4,08:26:56,0,51.0
2021-06-05 20:19:34.052159,158,Kutno,516,2,00:01:03,1,39.57990646362305
2021-06-05 20:19:34.114135,159,Police,360,1,05:03:50,1,29.40447425842285
2021-06-05 20:19:34.170724,160,Radom,360,2,03:28:14,1,47.2813720703125
2021-06-05 20:19:34.230139,161,Police,620,0,12:15:28,1,25.864181518554688
2021-06-05 20:19:34.450568,162,Warszawa,516,2,19:57:08,1,26.670249938964844
2021-06-05 20:19:34.468381,163,Police,360,6,08:45:09,0,35.25
2021-06-05 20:19:34.523512,164,Radom,360,5,02:00:18,1,53.944091796875
2021-06-05 20:19:34.543645,165,Radom,516,1,20:51:58,0,45.25
2021-06-05 20:19:34.555822,166,Gdynia,516,3,03:57:43,0,34.0
2021-06-05 20:19:34.608109,167,Mielec,360,3,16:24:56,1,82.72420501708984
2021-06-05 20:19:34.676735,168,Szczecin,516,4,19:17:26,1,30.483863830566406
2021-06-05 20:19:34.690555,169,Radom,620,4,12:47:29,0,59.0
2021-06-05 20:19:34.746543,170,Konin,360,6,18:01:22,1,53.403385162353516
2021-06-05 20:19:34.804147,171,Szczecin,516,5,05:08:24,1,45.34327697753906
2021-06-05 20:19:34.817719,172,Radom,516,1,12:32:16,0,45.25
2021-06-05 20:19:34.872181,173,Police,516,3,06:01:23,1,29.675817489624023
2021-06-05 20:19:34.886999,174,Radom,516,4,06:01:45,0,56.75
2021-06-05 20:19:34.943266,175,Gdynia,516,0,17:08:21,1,39.48818588256836
2021-06-05 20:19:34.957428,176,Police,516,5,06:25:48,0,35.5
2021-06-05 20:19:34.969537,177,Radom,360,1,10:08:24,0,53.5
2021-06-05 20:19:34.979484,178,Gdynia,516,6,07:03:46,0,30.75
2021-06-05 20:19:34.991342,179,Mielec,620,0,11:59:24,0,53.75
2021-06-05 20:19:35.045174,180,Szczecin,516,3,04:38:52,1,30.124488830566406
2021-06-05 20:19:35.059876,181,Warszawa,620,0,01:50:02,0,46.25
2021-06-05 20:19:35.067901,182,Kutno,516,6,06:32:58,0,40.5
2021-06-05 20:19:35.085462,183,Kutno,360,5,16:30:39,0,56.75
2021-06-05 20:19:35.091446,184,Mielec,360,2,05:02:31,0,59.25
2021-06-05 20:19:35.107403,185,Konin,620,5,22:26:45,0,49.0
2021-06-05 20:19:35.170121,186,Police,620,3,09:13:33,1,27.194103240966797
2021-06-05 20:19:35.227731,187,Police,620,6,15:00:53,1,26.328710556030273
2021-06-05 20:19:35.283824,188,Police,620,1,23:33:22,1,24.31304359436035
2021-06-05 20:19:35.341175,189,Radom,620,4,11:32:17,1,57.13058090209961
2021-06-05 20:19:35.361177,190,Gdynia,516,6,11:25:16,0,30.5
2021-06-05 20:19:35.431877,191,Warszawa,620,3,09:45:58,1,39.5079460144043
2021-06-05 20:19:35.486990,192,Police,516,3,02:00:20,1,31.649063110351562
2021-06-05 20:19:35.543203,193,Konin,360,5,09:16:18,1,53.936241149902344
2021-06-05 20:19:35.610914,194,Radom,516,6,19:54:09,1,27.442623138427734
2021-06-05 20:19:35.628525,195,Konin,620,4,04:42:36,0,51.25
2021-06-05 20:19:35.685525,196,Police,516,2,04:20:57,1,29.63505744934082
2021-06-05 20:19:35.700832,197,Police,360,5,12:33:02,0,43.5
2021-06-05 20:19:35.711841,198,Szczecin,516,6,14:52:35,0,27.5
2021-06-05 20:19:35.762665,199,Kutno,620,0,19:52:18,1,43.19890213012695
2021-06-05 20:19:35.821405,200,Szczecin,360,5,02:42:55,1,50.743282318115234
2021-06-05 20:19:35.877675,201,Police,620,4,04:34:03,1,26.26650047302246
2021-06-05 20:19:35.892016,202,Konin,360,5,19:59:24,0,55.0
2021-06-05 20:19:35.943878,203,Police,360,4,11:46:06,1,32.85234451293945
2021-06-05 20:19:36.004553,204,Warszawa,516,4,01:25:30,1,27.56598663330078
2021-06-05 20:19:36.061844,205,Police,620,4,20:40:05,1,29.140535354614258
2021-06-05 20:19:36.077893,206,Konin,516,0,22:09:44,0,38.5
2021-06-05 20:19:36.088294,207,Kutno,360,4,05:52:16,0,58.75
2021-06-05 20:19:36.101228,208,Warszawa,620,6,10:51:04,0,45.75
2021-06-05 20:19:36.155098,209,Warszawa,620,3,22:08:25,1,39.00320053100586
2021-06-05 20:19:36.213356,210,Konin,516,3,13:24:06,1,62.523258209228516
2021-06-05 20:19:36.270423,211,Police,360,6,20:04:35,1,29.550168991088867
2021-06-05 20:19:36.327369,212,Konin,620,5,01:29:46,1,57.91035461425781
2021-06-05 20:19:36.387027,213,Szczecin,360,0,12:38:21,1,30.2368221282959
2021-06-05 20:19:36.401317,214,Gdynia,516,3,20:27:54,0,33.75
2021-06-05 20:19:36.456620,215,Konin,620,1,16:19:28,1,48.566375732421875
2021-06-05 20:19:36.511042,216,Konin,620,2,23:36:33,1,48.83113098144531
2021-06-05 20:19:36.525395,217,Police,516,0,15:03:52,0,27.25
2021-06-05 20:19:36.579505,218,Radom,516,3,14:54:05,1,30.131513595581055
2021-06-05 20:19:36.594900,219,Gdynia,620,4,02:20:20,0,43.25
2021-06-05 20:19:36.604442,220,Police,516,0,23:17:47,0,27.0
2021-06-05 20:19:36.616410,221,Mielec,620,0,16:05:15,0,53.75
2021-06-05 20:19:36.625821,222,Szczecin,360,0,06:29:49,0,36.25
2021-06-05 20:19:36.680592,223,Warszawa,620,6,15:22:00,1,38.773197174072266
2021-06-05 20:19:36.737505,224,Warszawa,516,2,16:28:47,1,26.039592742919922
2021-06-05 20:19:36.752523,225,Szczecin,516,6,10:24:22,0,27.5
2021-06-05 20:19:36.763494,226,Warszawa,360,0,02:41:45,0,52.0
2021-06-05 20:19:36.772481,227,Warszawa,360,0,03:34:11,0,52.0
2021-06-05 20:19:36.832309,228,Szczecin,620,0,06:50:31,1,27.012920379638672
2021-06-05 20:19:36.893339,229,Szczecin,360,1,14:31:51,1,28.86766242980957
2021-06-05 20:19:36.907563,230,Police,620,0,07:17:22,0,29.75
2021-06-05 20:19:36.959713,231,Mielec,360,4,03:20:32,1,76.07503509521484
2021-06-05 20:19:36.974064,232,Radom,516,5,09:31:53,0,54.75
2021-06-05 20:19:37.027716,233,Gdynia,516,1,13:23:05,1,42.453922271728516
2021-06-05 20:19:37.086128,234,Szczecin,516,1,03:59:05,1,28.436609268188477
2021-06-05 20:19:37.144379,235,Warszawa,516,2,14:21:21,1,25.79740333557129
2021-06-05 20:19:37.158482,236,Warszawa,516,6,09:12:40,0,43.25
2021-06-05 20:19:37.212898,237,Gdynia,360,2,05:22:55,1,51.53350830078125
2021-06-05 20:19:37.227665,238,Radom,360,5,22:19:21,0,62.75
2021-06-05 20:19:37.284260,239,Radom,516,3,00:00:36,1,31.54183578491211
2021-06-05 20:19:37.298958,240,Szczecin,516,5,16:04:06,0,35.75
2021-06-05 20:19:37.309583,241,Szczecin,360,1,07:02:20,0,34.75
2021-06-05 20:19:37.321558,242,Konin,620,2,22:38:33,0,40.5
2021-06-05 20:19:37.334523,243,Gdynia,360,3,04:13:40,0,42.25
2021-06-05 20:19:37.389571,244,Warszawa,516,3,08:26:20,1,26.97425079345703
2021-06-05 20:19:37.445467,245,Szczecin,620,4,20:19:16,1,29.106348037719727
2021-06-05 20:19:37.520465,246,Radom,516,3,01:07:16,1,30.96945571899414
2021-06-05 20:19:37.577398,247,Szczecin,516,1,18:19:55,1,26.999799728393555
2021-06-05 20:19:37.592761,248,Szczecin,516,5,17:43:36,0,35.75
2021-06-05 20:19:37.646139,249,Police,360,0,02:43:06,1,31.59473991394043
2021-06-05 20:19:37.705321,250,Radom,516,5,02:11:11,1,51.77946853637695
2021-06-05 20:19:37.719724,251,Warszawa,516,6,12:21:19,0,43.25
2021-06-05 20:19:37.731719,252,Warszawa,516,1,01:32:03,0,42.25
2021-06-05 20:19:37.742693,253,Szczecin,360,6,15:47:30,0,35.75
2021-06-05 20:19:37.796548,254,Radom,516,4,22:04:03,1,37.82488250732422
2021-06-05 20:19:37.811003,255,Konin,516,4,23:31:19,0,48.25
2021-06-05 20:19:37.822278,256,Warszawa,516,4,19:23:21,0,53.25
2021-06-05 20:19:37.874616,257,Radom,516,5,04:17:53,1,50.50129318237305
2021-06-05 20:19:37.888943,258,Szczecin,360,5,13:40:43,0,44.0
2021-06-05 20:19:37.944139,259,Radom,360,4,13:08:36,1,62.143550872802734
2021-06-05 20:19:37.959812,260,Kutno,620,2,08:25:05,0,42.5
2021-06-05 20:19:38.015320,261,Gdynia,620,0,02:05:07,1,45.30757141113281
2021-06-05 20:19:38.083520,262,Police,516,3,22:31:28,1,28.046180725097656
2021-06-05 20:19:38.097242,263,Warszawa,516,4,11:05:52,0,53.25
2021-06-05 20:19:38.108567,264,Gdynia,360,2,23:03:59,0,38.25
2021-06-05 20:19:38.166375,265,Radom,360,3,11:25:49,1,44.05889892578125
2021-06-05 20:19:38.224219,266,Kutno,516,2,09:48:46,1,36.585811614990234
2021-06-05 20:19:38.238552,267,Gdynia,516,1,17:18:53,0,29.25
2021-06-05 20:19:38.291754,268,Police,620,4,12:30:37,1,27.660327911376953
2021-06-05 20:19:38.350673,269,Warszawa,620,0,06:00:21,1,39.34772491455078
2021-06-05 20:19:38.364109,270,Szczecin,516,6,22:06:03,0,27.25
2021-06-05 20:19:38.374806,271,Gdynia,360,1,16:45:51,0,37.5
2021-06-05 20:19:38.428108,272,Gdynia,360,3,15:12:15,1,53.91503143310547
2021-06-05 20:19:38.443132,273,Kutno,360,4,08:37:13,0,58.5
2021-06-05 20:19:38.496561,274,Konin,516,0,09:08:50,1,49.276554107666016
2021-06-05 20:19:38.554794,275,Radom,516,2,20:54:22,1,34.20198440551758
2021-06-05 20:19:38.614578,276,Police,516,6,07:28:37,1,30.485326766967773
2021-06-05 20:19:38.628830,277,Szczecin,516,4,18:30:33,0,37.5
2021-06-05 20:19:38.639509,278,Gdynia,620,6,07:21:38,0,33.0
2021-06-05 20:19:38.648528,279,Warszawa,360,0,14:58:21,0,51.75
2021-06-05 20:19:38.702403,280,Szczecin,620,0,18:02:34,1,25.05074119567871
2021-06-05 20:19:38.717686,281,Police,360,5,16:46:46,0,43.5
2021-06-05 20:19:38.769231,282,Police,360,6,01:33:01,1,33.48969650268555
2021-06-05 20:19:38.783133,283,Mielec,620,3,21:52:23,0,56.5
2021-06-05 20:19:38.838289,284,Radom,620,2,04:45:18,1,44.36777114868164
2021-06-05 20:19:38.850625,285,Konin,620,5,23:44:54,0,49.0
2021-06-05 20:19:38.901216,286,Police,516,6,21:15:08,1,28.224428176879883
2021-06-05 20:19:38.960567,287,Warszawa,516,6,13:20:11,1,26.199790954589844
2021-06-05 20:19:38.975271,288,Radom,360,4,06:41:24,0,65.0
2021-06-05 20:19:38.985917,289,Police,620,4,10:06:51,0,39.5
2021-06-05 20:19:39.044100,290,Warszawa,360,1,10:41:58,1,35.009395599365234
2021-06-05 20:19:39.059780,291,Mielec,620,2,20:30:50,0,53.25
2021-06-05 20:19:39.111827,292,Warszawa,516,3,22:52:14,1,29.910375595092773
2021-06-05 20:19:39.169293,293,Police,620,4,14:08:54,1,27.985647201538086
2021-06-05 20:19:39.180640,294,Mielec,516,3,14:07:58,0,54.25
2021-06-05 20:19:39.232469,295,Gdynia,516,2,02:34:25,1,45.665992736816406
2021-06-05 20:19:39.251886,296,Police,516,0,07:52:18,0,27.25
2021-06-05 20:19:39.309968,297,Gdynia,360,0,03:06:52,1,53.19471740722656
2021-06-05 20:19:39.378782,298,Police,620,1,06:56:31,1,24.017009735107422
2021-06-05 20:19:39.397858,299,Police,516,2,00:07:35,0,27.0
2021-06-05 20:19:39.459807,300,Gdynia,620,6,19:51:00,1,44.02372360229492
2021-06-05 20:19:39.474181,301,Szczecin,516,3,20:16:51,0,30.75
2021-06-05 20:19:39.484274,302,Szczecin,360,6,07:56:42,0,35.75
2021-06-05 20:19:39.540566,303,Szczecin,516,5,23:44:40,1,37.62337112426758
2021-06-05 20:19:39.597830,304,Szczecin,620,3,19:33:09,1,25.2019100189209
2021-06-05 20:19:39.656667,305,Szczecin,360,3,02:37:39,1,31.139062881469727
2021-06-05 20:19:39.713554,306,Warszawa,620,6,21:38:05,1,38.46437072753906
2021-06-05 20:19:39.728525,307,Warszawa,516,5,21:09:01,0,51.5
2021-06-05 20:19:39.738500,308,Szczecin,516,1,03:08:26,0,26.5
2021-06-05 20:19:39.745527,309,Kutno,516,1,15:27:49,0,39.0
2021-06-05 20:19:39.800924,310,Warszawa,620,3,17:08:59,1,38.7609748840332
2021-06-05 20:19:39.859546,311,Szczecin,620,2,02:06:26,1,27.70853614807129
2021-06-05 20:19:39.919103,312,Konin,360,4,02:38:50,1,74.3402328491211
2021-06-05 20:19:39.980944,313,Radom,620,4,20:50:37,1,59.65397262573242
2021-06-05 20:19:39.998153,314,Szczecin,516,4,00:43:43,0,37.75
2021-06-05 20:19:40.012132,315,Konin,516,3,09:42:25,0,41.75
2021-06-05 20:19:40.023100,316,Szczecin,360,2,06:12:19,0,35.75
2021-06-05 20:19:40.030081,317,Konin,620,4,19:10:11,0,51.0
2021-06-05 20:19:40.088473,318,Police,360,0,13:33:06,1,30.298484802246094
2021-06-05 20:19:40.103040,319,Warszawa,360,3,12:18:00,0,54.75
2021-06-05 20:19:40.156901,320,Szczecin,516,1,13:39:01,1,27.22566795349121
2021-06-05 20:19:40.175305,321,Gdynia,360,3,01:36:54,0,42.25
2021-06-05 20:19:40.231024,322,Police,620,1,11:00:39,1,23.89038848876953
2021-06-05 20:19:40.245523,323,Szczecin,620,5,08:58:31,0,38.25
2021-06-05 20:19:40.256253,324,Warszawa,620,6,00:26:22,0,46.0
2021-06-05 20:19:40.312036,325,Konin,360,3,10:14:49,1,55.75801086425781
2021-06-05 20:19:40.326770,326,Police,620,6,16:21:19,0,29.5
2021-06-05 20:19:40.336420,327,Szczecin,516,4,13:21:14,0,37.5
2021-06-05 20:19:40.389944,328,Konin,516,3,12:32:45,1,62.70207214355469
2021-06-05 20:19:40.404272,329,Kutno,620,1,09:39:22,0,41.5
2021-06-05 20:19:40.458137,330,Police,360,5,20:18:39,1,40.63694381713867
2021-06-05 20:19:40.473796,331,Police,516,1,14:15:23,0,25.75
2021-06-05 20:19:40.527713,332,Szczecin,620,4,21:49:24,1,29.286212921142578
2021-06-05 20:19:40.542719,333,Mielec,516,5,18:10:09,0,59.25
2021-06-05 20:19:40.598773,334,Radom,360,5,11:14:54,1,47.82459259033203
2021-06-05 20:19:40.612787,335,Warszawa,516,2,19:53:21,0,43.0
2021-06-05 20:19:40.622770,336,Gdynia,360,0,05:36:05,0,39.25
2021-06-05 20:19:40.632768,337,Police,620,4,05:14:11,0,39.75
2021-06-05 20:19:40.646186,338,Konin,360,6,17:24:51,0,46.75
2021-06-05 20:19:40.700808,339,Gdynia,516,6,18:19:43,1,42.541996002197266
2021-06-05 20:19:40.715850,340,Warszawa,360,3,00:54:00,0,55.0
2021-06-05 20:19:40.721839,341,Szczecin,516,5,20:21:16,0,35.75
2021-06-05 20:19:40.779687,342,Gdynia,360,0,06:49:28,1,52.187294006347656
2021-06-05 20:19:40.837582,343,Warszawa,620,3,08:48:41,1,39.58956527709961
2021-06-05 20:19:40.892333,344,Mielec,360,1,01:37:08,1,65.28040313720703
2021-06-05 20:19:40.912658,345,Szczecin,620,6,12:26:27,0,30.0
2021-06-05 20:19:40.929658,346,Police,620,4,02:18:14,0,39.75
2021-06-05 20:19:40.978481,347,Szczecin,620,5,04:46:56,1,47.49614334106445
2021-06-05 20:19:41.038463,348,Konin,620,5,22:45:42,1,44.539710998535156
2021-06-05 20:19:41.107178,349,Konin,360,5,05:45:57,1,56.14298629760742
2021-06-05 20:19:41.121544,350,Szczecin,620,0,19:25:24,0,30.25
2021-06-05 20:19:41.130526,351,Gdynia,516,6,13:53:07,0,30.5
2021-06-05 20:19:41.190514,352,Szczecin,360,6,18:31:24,1,29.611743927001953
2021-06-05 20:19:41.206167,353,Mielec,360,0,15:55:09,0,59.5
2021-06-05 20:19:41.262015,354,Radom,620,3,23:18:52,1,43.579769134521484
2021-06-05 20:19:41.277055,355,Warszawa,360,5,22:37:24,0,59.5
2021-06-05 20:19:41.288038,356,Mielec,360,5,00:38:57,0,67.75
2021-06-05 20:19:41.340955,357,Police,516,1,13:07:28,1,27.380802154541016
2021-06-05 20:19:41.355204,358,Radom,516,1,23:36:53,0,45.0
2021-06-05 20:19:41.409467,359,Police,620,3,03:49:03,1,28.926572799682617
2021-06-05 20:19:41.423523,360,Konin,360,1,15:56:35,0,45.5
2021-06-05 20:19:41.434499,361,Radom,620,4,09:39:16,0,59.0
2021-06-05 20:19:41.492242,362,Warszawa,516,2,01:01:15,1,27.26170539855957
2021-06-05 20:19:41.550467,363,Konin,620,4,20:43:39,1,64.85137176513672
2021-06-05 20:19:41.565266,364,Kutno,360,5,14:12:14,0,56.75
2021-06-05 20:19:41.572072,365,Mielec,516,2,00:16:14,0,51.0
2021-06-05 20:19:41.582044,366,Gdynia,360,0,12:40:11,0,39.0
2021-06-05 20:19:41.635875,367,Radom,620,5,13:07:02,1,45.28504943847656
2021-06-05 20:19:41.695154,368,Szczecin,516,2,18:29:31,1,27.558197021484375
2021-06-05 20:19:41.707479,369,Police,360,2,15:58:21,0,35.0
2021-06-05 20:19:41.714455,370,Police,360,4,10:55:40,0,45.25
2021-06-05 20:19:41.772531,371,Radom,360,2,05:04:19,1,47.55625534057617
2021-06-05 20:19:41.785934,372,Warszawa,516,2,10:18:20,0,43.0
2021-06-05 20:19:41.795916,373,Kutno,620,1,13:26:01,0,41.5
2021-06-05 20:19:41.852176,374,Gdynia,620,6,04:11:04,1,43.56113815307617
2021-06-05 20:19:41.913096,375,Szczecin,516,5,08:49:07,1,43.141700744628906
2021-06-05 20:19:41.927446,376,Kutno,620,2,02:22:24,0,42.75
2021-06-05 20:19:41.938548,377,Gdynia,360,3,04:32:57,0,42.25
2021-06-05 20:19:41.950464,378,Kutno,620,5,17:36:45,0,51.0
2021-06-05 20:19:42.013254,379,Police,620,5,04:01:01,1,47.85609436035156
2021-06-05 20:19:42.071101,380,Warszawa,516,5,04:20:57,1,46.634639739990234
2021-06-05 20:19:42.130163,381,Warszawa,620,4,13:27:26,1,55.3928108215332
2021-06-05 20:19:42.145147,382,Szczecin,516,5,03:50:20,0,36.0
2021-06-05 20:19:42.199063,383,Radom,516,1,19:56:50,1,27.062026977539062
2021-06-05 20:19:42.213335,384,Gdynia,516,1,20:59:09,0,29.25
2021-06-05 20:19:42.223164,385,Szczecin,620,0,15:26:01,0,30.25
2021-06-05 20:19:42.278531,386,Warszawa,620,1,16:29:26,1,40.14468765258789
2021-06-05 20:19:42.338167,387,Warszawa,360,5,11:28:35,1,44.24363708496094
2021-06-05 20:19:42.352864,388,Mielec,516,6,17:46:32,0,51.0
2021-06-05 20:19:42.405150,389,Kutno,620,0,19:55:15,1,43.197113037109375
2021-06-05 20:19:42.418804,390,Police,360,6,22:26:13,0,35.0
2021-06-05 20:19:42.470290,391,Gdynia,620,5,17:05:46,1,45.46214294433594
2021-06-05 20:19:42.528267,392,Konin,620,3,03:03:09,1,53.01636505126953
2021-06-05 20:19:42.543190,393,Police,516,2,23:39:42,0,26.5
2021-06-05 20:19:42.596603,394,Warszawa,360,1,18:46:05,1,35.96031951904297
2021-06-05 20:19:42.654463,395,Police,620,1,11:43:04,1,23.874549865722656
2021-06-05 20:19:42.712769,396,Szczecin,516,0,21:38:22,1,27.95722198486328
2021-06-05 20:19:42.727173,397,Gdynia,620,4,08:51:44,0,43.0
2021-06-05 20:19:42.738304,398,Kutno,360,5,08:36:15,0,56.75
2021-06-05 20:19:42.748243,399,Konin,516,0,12:42:26,0,38.75
2021-06-05 20:19:42.810767,400,Kutno,360,5,06:38:49,1,51.970890045166016
2021-06-05 20:19:42.867425,401,Gdynia,360,3,04:40:14,1,54.50629806518555
2021-06-05 20:19:42.882107,402,Mielec,360,1,06:43:34,0,58.25
2021-06-05 20:19:42.894563,403,Szczecin,620,0,04:53:15,0,30.5
2021-06-05 20:19:42.951476,404,Radom,620,2,00:31:56,1,43.83812713623047
2021-06-05 20:19:43.008642,405,Radom,620,2,17:53:05,1,44.56487274169922
2021-06-05 20:19:43.064993,406,Warszawa,516,4,08:42:12,1,28.659181594848633
2021-06-05 20:19:43.137172,407,Szczecin,516,3,19:18:00,1,28.00459098815918
2021-06-05 20:19:43.200396,408,Szczecin,516,5,07:58:32,1,43.56884002685547
2021-06-05 20:19:43.259142,409,Warszawa,516,2,03:22:32,1,26.59027099609375
2021-06-05 20:19:43.277904,410,Gdynia,516,0,00:06:03,0,31.0
2021-06-05 20:19:43.339718,411,Konin,620,3,00:51:49,1,53.14714050292969
2021-06-05 20:19:43.409246,412,Police,620,6,08:00:19,1,28.543161392211914
2021-06-05 20:19:43.425239,413,Szczecin,516,0,22:21:19,0,27.5
2021-06-05 20:19:43.477817,414,Police,620,1,19:15:42,1,24.065229415893555
2021-06-05 20:19:43.497060,415,Radom,620,4,00:17:58,0,59.25
2021-06-05 20:19:43.520824,416,Police,516,5,11:51:16,0,35.25
2021-06-05 20:19:43.582186,417,Konin,516,2,19:38:56,1,51.57661819458008
2021-06-05 20:19:43.841002,418,Mielec,516,2,10:51:31,1,87.04549407958984
2021-06-05 20:19:43.904965,419,Szczecin,516,2,08:04:45,1,28.361047744750977
2021-06-05 20:19:43.918494,420,Radom,516,4,06:30:31,0,56.75
2021-06-05 20:19:43.926474,421,Warszawa,620,0,16:56:45,0,46.0
2021-06-05 20:19:43.987524,422,Gdynia,360,6,18:32:05,1,51.01396942138672
2021-06-05 20:19:44.003409,423,Kutno,620,0,14:19:32,0,43.0
2021-06-05 20:19:44.057797,424,Police,360,6,06:01:50,1,32.234066009521484
2021-06-05 20:19:44.071717,425,Mielec,620,4,10:26:02,0,63.5
2021-06-05 20:19:44.124708,426,Mielec,360,4,01:03:37,1,75.75990295410156
2021-06-05 20:19:44.139015,427,Warszawa,360,0,15:36:13,0,51.75
2021-06-05 20:19:44.148833,428,Konin,360,3,11:03:12,0,50.0
2021-06-05 20:19:44.159838,429,Szczecin,620,6,02:55:30,0,30.25
2021-06-05 20:19:44.170820,430,Konin,516,6,23:53:10,0,38.25
2021-06-05 20:19:44.180747,431,Szczecin,516,3,06:01:50,0,31.0
2021-06-05 20:19:44.237080,432,Radom,516,2,11:59:57,1,31.436742782592773
2021-06-05 20:19:44.296784,433,Warszawa,516,6,10:21:31,1,26.5222225189209
2021-06-05 20:19:44.307798,434,Radom,620,0,00:21:23,0,49.5
2021-06-05 20:19:44.357719,435,Warszawa,360,0,00:02:35,1,36.33533477783203
2021-06-05 20:19:44.371823,436,Szczecin,360,5,22:29:43,0,43.75
2021-06-05 20:19:44.381798,437,Konin,360,6,07:01:32,0,47.0
2021-06-05 20:19:44.442984,438,Mielec,516,0,06:06:33,1,75.75843048095703
2021-06-05 20:19:44.510680,439,Kutno,620,1,01:45:01,1,47.23566436767578
2021-06-05 20:19:44.573638,440,Szczecin,360,3,02:38:23,1,31.136512756347656
2021-06-05 20:19:44.585608,441,Police,620,3,00:55:29,0,33.0
2021-06-05 20:19:44.591636,442,Radom,620,5,10:21:58,0,57.25
2021-06-05 20:19:44.655420,443,Radom,620,2,07:29:07,1,44.42658615112305
2021-06-05 20:19:44.722441,444,Konin,360,3,15:22:39,1,54.9727783203125
2021-06-05 20:19:44.781252,445,Police,516,4,08:56:08,1,30.10539436340332
2021-06-05 20:19:44.792195,446,Radom,516,1,17:05:13,0,45.25
2021-06-05 20:19:44.844680,447,Szczecin,360,1,19:10:42,1,28.95626449584961
2021-06-05 20:19:44.904134,448,Konin,360,2,16:46:54,1,54.132659912109375
2021-06-05 20:19:44.919540,449,Gdynia,620,5,01:06:11,0,41.5
2021-06-05 20:19:44.929307,450,Police,620,3,17:54:05,0,32.75
2021-06-05 20:19:44.939265,451,Mielec,620,5,07:06:57,0,61.75
2021-06-05 20:19:45.003275,452,Mielec,360,5,14:54:05,1,72.6902847290039
2021-06-05 20:19:45.061709,453,Kutno,360,2,17:34:32,1,46.07337951660156
2021-06-05 20:19:45.121377,454,Mielec,516,1,16:54:02,1,68.74530792236328
2021-06-05 20:19:45.178147,455,Konin,620,6,15:08:32,1,48.95744323730469
2021-06-05 20:19:45.192624,456,Szczecin,360,4,10:32:43,0,45.75
2021-06-05 20:19:45.203511,457,Radom,516,2,21:36:43,0,46.0
2021-06-05 20:19:45.257560,458,Police,620,6,02:42:59,1,30.826066970825195
2021-06-05 20:19:45.313803,459,Mielec,516,1,10:08:17,1,68.40647888183594
2021-06-05 20:19:45.328350,460,Szczecin,360,0,21:23:14,0,35.75
2021-06-05 20:19:45.381246,461,Radom,620,2,22:10:00,1,45.172542572021484
2021-06-05 20:19:45.395357,462,Mielec,360,6,17:10:10,0,59.25
2021-06-05 20:19:45.446797,463,Police,620,6,20:17:41,1,25.194995880126953
2021-06-05 20:19:45.458673,464,Warszawa,360,3,01:26:09,0,55.0
2021-06-05 20:19:45.511049,465,Mielec,620,6,23:14:39,1,68.1548080444336
2021-06-05 20:19:45.524978,466,Gdynia,360,0,03:34:18,0,39.25
2021-06-05 20:19:45.581228,467,Szczecin,620,3,11:00:40,1,26.612932205200195
2021-06-05 20:19:45.640431,468,Szczecin,620,4,08:42:45,1,26.90972900390625
2021-06-05 20:19:45.699155,469,Kutno,516,5,21:03:52,1,48.102725982666016
2021-06-05 20:19:45.713208,470,Konin,360,2,14:32:01,0,46.5
2021-06-05 20:19:45.771863,471,Radom,620,2,01:10:05,1,43.91454315185547
2021-06-05 20:19:45.785701,472,Mielec,620,0,19:16:26,0,53.75
2021-06-05 20:19:45.796045,473,Police,360,6,13:32:55,0,35.25
2021-06-05 20:19:45.851191,474,Konin,620,5,01:36:10,1,57.820411682128906
2021-06-05 20:19:45.865944,475,Warszawa,620,2,20:36:52,0,45.5
2021-06-05 20:19:45.919287,476,Szczecin,360,5,15:20:45,1,43.04072189331055
2021-06-05 20:19:45.979554,477,Police,620,5,15:04:18,1,41.95698547363281
2021-06-05 20:19:46.037462,478,Kutno,360,5,01:35:22,1,56.114280700683594
2021-06-05 20:19:46.094819,479,Kutno,360,6,19:12:36,1,46.967742919921875
2021-06-05 20:19:46.108924,480,Konin,360,5,18:17:15,0,55.0
2021-06-05 20:19:46.118896,481,Radom,620,0,01:28:59,0,49.5
2021-06-05 20:19:46.129868,482,Police,516,6,18:24:53,0,27.0
2021-06-05 20:19:46.189029,483,Warszawa,516,0,10:54:03,1,22.956802368164062
2021-06-05 20:19:46.203991,484,Szczecin,516,6,10:29:57,0,27.5
2021-06-05 20:19:46.256202,485,Mielec,620,4,05:42:41,1,69.1773681640625
2021-06-05 20:19:46.270402,486,Warszawa,516,3,15:46:18,0,46.5
2021-06-05 20:19:46.281178,487,Kutno,620,1,00:28:46,0,41.75
2021-06-05 20:19:46.291174,488,Kutno,360,0,20:12:52,0,48.75
2021-06-05 20:19:46.308107,489,Konin,360,5,12:26:50,0,55.0
2021-06-05 20:19:46.319433,490,Gdynia,516,6,13:34:57,0,30.5
2021-06-05 20:19:46.326398,491,Police,516,4,06:33:47,0,37.25
2021-06-05 20:19:46.339339,492,Radom,360,4,14:10:56,0,64.75
2021-06-05 20:19:46.352494,493,Kutno,360,5,23:58:09,0,56.5
2021-06-05 20:19:46.361702,494,Radom,516,1,04:40:15,0,45.5
2021-06-05 20:19:46.373743,495,Szczecin,620,2,23:48:00,0,29.5
2021-06-05 20:19:46.439169,496,Gdynia,620,2,16:09:53,1,44.03357696533203
2021-06-05 20:19:46.453358,497,Szczecin,360,4,22:16:54,0,45.5
2021-06-05 20:19:46.509118,498,Gdynia,516,1,09:22:13,1,42.30378341674805
2021-06-05 20:19:46.566579,499,Radom,360,5,06:30:59,1,50.3843879699707
2021-06-05 20:19:46.623839,500,Mielec,516,4,21:47:34,1,71.46660614013672
2021-06-05 20:19:46.682344,501,Kutno,620,1,07:47:41,1,45.15145492553711
2021-06-05 20:19:46.740764,502,Mielec,516,6,23:41:57,1,73.95046997070312
2021-06-05 20:19:46.799233,503,Police,360,5,06:26:19,1,48.46942901611328
2021-06-05 20:19:46.813566,504,Kutno,516,1,01:21:50,0,39.25
2021-06-05 20:19:46.823123,505,Szczecin,620,2,08:30:21,0,29.75
2021-06-05 20:19:46.880989,506,Police,620,2,06:56:09,1,26.0129451751709
2021-06-05 20:19:46.941241,507,Warszawa,516,1,23:27:09,1,26.551105499267578
2021-06-05 20:19:47.004088,508,Police,360,0,13:33:04,1,30.298534393310547
2021-06-05 20:19:47.071807,509,Mielec,360,4,15:13:57,1,77.99635314941406
2021-06-05 20:19:47.128203,510,Mielec,360,1,01:54:01,1,65.3772201538086
2021-06-05 20:19:47.186439,511,Warszawa,516,2,19:28:44,1,26.566097259521484
2021-06-05 20:19:47.244997,512,Police,516,0,09:18:37,1,28.526891708374023
2021-06-05 20:19:47.301578,513,Radom,516,2,14:35:39,1,31.943275451660156
2021-06-05 20:19:47.315940,514,Kutno,620,5,14:07:30,0,51.0
2021-06-05 20:19:47.370409,515,Warszawa,620,1,04:55:25,1,40.2939453125
2021-06-05 20:19:47.384809,516,Police,516,3,01:39:29,0,30.5
2021-06-05 20:19:47.438434,517,Police,360,3,14:24:02,1,29.767868041992188
2021-06-05 20:19:47.499684,518,Police,620,4,02:02:10,1,25.85118293762207
2021-06-05 20:19:47.515014,519,Gdynia,516,6,19:57:16,0,30.5
2021-06-05 20:19:47.566103,520,Gdynia,360,1,07:05:17,1,50.999813079833984
2021-06-05 20:19:47.580817,521,Warszawa,360,5,19:56:42,0,59.75
2021-06-05 20:19:47.632729,522,Police,516,6,02:32:29,1,32.27388000488281
2021-06-05 20:19:47.647314,523,Police,360,4,01:06:48,0,45.5
2021-06-05 20:19:47.702810,524,Konin,620,5,00:46:37,1,58.504364013671875
2021-06-05 20:19:47.718151,525,Mielec,516,5,08:51:56,0,59.25
2021-06-05 20:19:47.727807,526,Radom,360,4,11:45:14,0,64.75
2021-06-05 20:19:47.782692,527,Mielec,516,0,18:22:02,1,73.91068267822266
2021-06-05 20:19:47.797294,528,Mielec,360,4,13:09:37,0,69.25
2021-06-05 20:19:47.849835,529,Konin,516,6,23:41:46,1,45.929054260253906
2021-06-05 20:19:47.865164,530,Konin,620,2,06:29:55,0,41.0
2021-06-05 20:19:47.873127,531,Szczecin,620,3,08:19:00,0,33.25
2021-06-05 20:19:47.931122,532,Gdynia,620,2,06:31:35,1,44.984066009521484
2021-06-05 20:19:47.945437,533,Radom,620,0,20:59:43,0,49.25
2021-06-05 20:19:47.956854,534,Radom,360,3,09:29:58,0,58.0
2021-06-05 20:19:47.968823,535,Szczecin,360,3,07:39:46,0,39.0
2021-06-05 20:19:47.978867,536,Konin,516,6,12:57:11,0,38.5
2021-06-05 20:19:48.034712,537,Radom,360,4,11:24:38,1,61.5967903137207
2021-06-05 20:19:48.090219,538,Mielec,516,2,08:07:50,1,85.8933334350586
2021-06-05 20:19:48.158930,539,Police,620,0,15:07:23,1,25.41355323791504
2021-06-05 20:19:48.173807,540,Gdynia,360,5,13:45:39,0,47.0
2021-06-05 20:19:48.184605,541,Szczecin,360,2,01:57:57,0,35.75
2021-06-05 20:19:48.194564,542,Radom,620,1,17:36:51,0,47.75
2021-06-05 20:19:48.205326,543,Szczecin,360,0,12:00:27,0,36.0
2021-06-05 20:19:48.216295,544,Kutno,516,3,01:58:01,0,43.75
2021-06-05 20:19:48.269933,545,Warszawa,620,6,13:59:36,1,38.98795700073242
2021-06-05 20:19:48.327128,546,Konin,620,0,10:54:48,1,48.49534606933594
2021-06-05 20:19:48.341229,547,Konin,360,3,23:35:44,0,49.75
2021-06-05 20:19:48.399305,548,Szczecin,360,4,20:49:55,1,34.6238899230957
2021-06-05 20:19:48.414048,549,Warszawa,360,2,22:12:05,0,51.0
2021-06-05 20:19:48.465091,550,Gdynia,620,5,04:21:29,1,53.87749099731445
2021-06-05 20:19:48.522637,551,Szczecin,360,6,19:10:32,1,29.524675369262695
2021-06-05 20:19:48.536626,552,Gdynia,620,1,05:00:09,0,32.0
2021-06-05 20:19:48.593474,553,Mielec,360,2,18:03:47,1,87.02703094482422
2021-06-05 20:19:48.608618,554,Gdynia,360,0,07:39:05,0,39.0
2021-06-05 20:19:48.663926,555,Police,620,4,14:43:35,1,28.102596282958984
2021-06-05 20:19:48.678292,556,Gdynia,620,5,03:55:07,0,41.5
2021-06-05 20:19:48.731906,557,Szczecin,360,3,09:08:07,1,30.115745544433594
2021-06-05 20:19:48.791919,558,Warszawa,360,5,08:29:03,1,46.05156326293945
2021-06-05 20:19:48.849578,559,Kutno,620,0,15:23:52,1,43.4781608581543
2021-06-05 20:19:48.864512,560,Radom,620,3,03:23:29,0,52.5
2021-06-05 20:19:48.917323,561,Kutno,516,2,13:28:58,1,36.904266357421875
2021-06-05 20:19:48.978532,562,Police,620,3,21:11:22,1,25.201501846313477
2021-06-05 20:19:48.992638,563,Police,360,2,17:48:04,0,35.0
2021-06-05 20:19:49.005577,564,Szczecin,516,1,16:42:06,0,26.25
2021-06-05 20:19:49.062023,565,Police,360,4,04:44:02,1,31.624773025512695
2021-06-05 20:19:49.076247,566,Warszawa,360,6,17:40:05,0,51.5
2021-06-05 20:19:49.089214,567,Warszawa,516,3,07:03:21,0,46.75
2021-06-05 20:19:49.100235,568,Gdynia,516,2,21:04:18,0,30.25
2021-06-05 20:19:49.115145,569,Warszawa,360,2,01:42:49,0,51.5
2021-06-05 20:19:49.126360,570,Mielec,360,0,15:11:05,0,59.5
2021-06-05 20:19:49.134324,571,Szczecin,620,5,14:50:00,0,38.25
2021-06-05 20:19:49.147662,572,Konin,360,5,15:23:36,0,55.0
2021-06-05 20:19:49.201517,573,Police,620,2,22:22:21,1,25.076210021972656
2021-06-05 20:19:49.261956,574,Police,620,5,15:35:19,1,41.666099548339844
2021-06-05 20:19:49.318278,575,Warszawa,516,3,15:24:47,1,28.00029945373535
2021-06-05 20:19:49.374429,576,Radom,620,5,08:09:50,1,48.97651672363281
2021-06-05 20:19:49.392278,577,Konin,360,0,14:37:51,0,47.0
2021-06-05 20:19:49.471293,578,Mielec,516,6,20:06:19,1,74.25236511230469
2021-06-05 20:19:49.531966,579,Kutno,516,2,02:41:21,1,37.79536056518555
2021-06-05 20:19:49.596174,580,Warszawa,620,3,20:06:49,1,38.85288619995117
2021-06-05 20:19:49.610540,581,Mielec,360,5,00:02:45,0,67.75
2021-06-05 20:19:49.621050,582,Konin,516,1,19:28:26,0,37.25
2021-06-05 20:19:49.675109,583,Warszawa,516,5,18:37:50,1,41.368309020996094
2021-06-05 20:19:49.689618,584,Warszawa,360,5,11:42:34,0,59.75
2021-06-05 20:19:49.747404,585,Mielec,360,3,04:19:44,1,80.04251861572266
2021-06-05 20:19:49.805184,586,Radom,620,5,10:36:16,1,47.102256774902344
2021-06-05 20:19:49.864563,587,Police,516,6,23:28:39,1,28.07525634765625
2021-06-05 20:19:49.924830,588,Mielec,360,3,05:34:45,1,80.37525177001953
2021-06-05 20:19:49.983992,589,Konin,516,0,09:53:42,1,49.17232894897461
2021-06-05 20:19:50.042083,590,Mielec,516,4,15:25:27,1,72.18409729003906
2021-06-05 20:19:50.103442,591,Radom,620,3,23:44:24,1,43.656700134277344
2021-06-05 20:19:50.160858,592,Mielec,516,0,12:03:54,1,74.48817443847656
2021-06-05 20:19:50.175276,593,Konin,620,5,08:41:36,0,49.25
2021-06-05 20:19:50.187326,594,Radom,360,4,00:17:58,0,65.0
2021-06-05 20:19:50.197302,595,Szczecin,360,1,10:22:56,0,34.5
2021-06-05 20:19:50.252312,596,Radom,620,6,05:31:04,1,41.60637664794922
2021-06-05 20:19:50.310901,597,Police,360,5,01:23:00,1,51.55508041381836
2021-06-05 20:19:50.368164,598,Police,360,4,04:27:22,1,31.587276458740234
2021-06-05 20:19:50.426533,599,Szczecin,516,5,11:05:41,1,42.04768753051758
2021-06-05 20:19:50.436520,600,Radom,516,2,09:31:21,0,46.25
2021-06-05 20:19:50.443500,601,Warszawa,516,0,14:55:35,0,43.5
2021-06-05 20:19:50.454676,602,Police,360,2,15:14:40,0,35.0
2021-06-05 20:19:50.474100,603,Mielec,516,4,01:27:51,0,61.25
2021-06-05 20:19:50.489944,604,Radom,516,2,18:31:54,0,46.25
2021-06-05 20:19:50.498867,605,Gdynia,360,6,14:52:14,0,38.75
2021-06-05 20:19:50.559064,606,Szczecin,620,0,04:20:27,1,27.823280334472656
2021-06-05 20:19:50.573345,607,Gdynia,620,0,11:12:53,0,33.25
2021-06-05 20:19:50.581797,608,Radom,620,2,08:19:05,0,48.75
2021-06-05 20:19:50.594603,609,Gdynia,620,2,07:50:53,0,32.75
2021-06-05 20:19:50.603577,610,Kutno,360,1,17:58:29,0,47.25
2021-06-05 20:19:50.657340,611,Konin,516,6,05:42:32,1,46.75806427001953
2021-06-05 20:19:50.712566,612,Warszawa,620,3,18:06:05,1,38.758506774902344
2021-06-05 20:19:50.780920,613,Warszawa,516,1,11:27:23,1,24.027034759521484
2021-06-05 20:19:50.800284,614,Kutno,360,0,07:24:25,0,48.75
2021-06-05 20:19:50.865109,615,Mielec,620,3,21:24:50,1,82.96829223632812
2021-06-05 20:19:50.884318,616,Szczecin,620,6,19:14:45,0,30.0
2021-06-05 20:19:50.940246,617,Gdynia,620,4,20:31:46,1,58.835777282714844
2021-06-05 20:19:50.954330,618,Police,360,5,10:30:11,0,43.5
2021-06-05 20:19:51.011588,619,Konin,620,1,13:53:47,1,48.449337005615234
2021-06-05 20:19:51.025674,620,Police,516,6,01:14:27,0,27.25
2021-06-05 20:19:51.080132,621,Gdynia,620,4,00:35:00,1,57.579532623291016
2021-06-05 20:19:51.094993,622,Warszawa,360,5,16:30:59,0,59.75
2021-06-05 20:19:51.103004,623,Szczecin,516,2,01:38:38,0,27.5
2021-06-05 20:19:51.113976,624,Warszawa,360,6,20:48:51,0,51.5
2021-06-05 20:19:51.168242,625,Kutno,620,4,06:33:01,1,62.00605010986328
2021-06-05 20:19:51.181671,626,Police,620,5,19:44:21,0,37.75
2021-06-05 20:19:51.235143,627,Police,516,3,21:43:48,1,28.050962448120117
2021-06-05 20:19:51.249820,628,Kutno,516,3,07:45:48,0,43.5
2021-06-05 20:19:51.305094,629,Warszawa,516,0,02:44:00,1,22.436277389526367
2021-06-05 20:19:51.319681,630,Warszawa,516,6,18:19:16,0,43.25
2021-06-05 20:19:51.330465,631,Mielec,360,4,08:23:56,0,69.25
2021-06-05 20:19:51.340463,632,Szczecin,516,5,10:14:44,0,35.75
2021-06-05 20:19:51.396289,633,Gdynia,360,4,14:33:15,1,67.54151153564453
2021-06-05 20:19:51.453494,634,Warszawa,620,4,01:30:33,1,52.25257110595703
2021-06-05 20:19:51.467545,635,Radom,620,5,15:28:35,0,57.25
2021-06-05 20:19:51.522447,636,Police,620,3,10:32:32,1,26.80922508239746
2021-06-05 20:19:51.537418,637,Warszawa,620,4,03:45:01,0,56.0
2021-06-05 20:19:51.548418,638,Warszawa,360,6,21:32:17,0,51.25
2021-06-05 20:19:51.604320,639,Konin,360,1,11:23:15,1,52.72019958496094
2021-06-05 20:19:51.660873,640,Police,620,6,00:06:16,1,32.0984001159668
2021-06-05 20:19:51.721209,641,Gdynia,516,1,18:13:45,1,42.83930206298828
2021-06-05 20:19:51.778509,642,Warszawa,516,2,23:34:47,1,27.515888214111328
2021-06-05 20:19:51.836329,643,Mielec,620,5,20:30:13,1,68.07630157470703
2021-06-05 20:19:51.853437,644,Warszawa,360,4,21:23:19,0,61.25
2021-06-05 20:19:51.867371,645,Gdynia,360,0,15:05:04,0,39.0
2021-06-05 20:19:51.924651,646,Mielec,516,0,00:19:53,1,76.88526916503906
2021-06-05 20:19:51.983556,647,Gdynia,620,3,15:42:48,1,46.4972038269043
2021-06-05 20:19:52.041624,648,Konin,620,1,22:57:58,1,49.06948471069336
2021-06-05 20:19:52.056045,649,Kutno,360,5,02:27:02,0,57.0
2021-06-05 20:19:52.063001,650,Konin,360,2,13:35:31,0,46.5
2021-06-05 20:19:52.073996,651,Kutno,620,3,04:52:07,0,46.25
2021-06-05 20:19:52.135303,652,Police,620,0,01:21:27,1,28.942995071411133
2021-06-05 20:19:52.150313,653,Kutno,360,1,17:56:28,0,47.25
2021-06-05 20:19:52.204597,654,Police,360,5,02:23:35,1,50.97798156738281
2021-06-05 20:19:52.219420,655,Szczecin,516,6,08:43:35,0,27.5
2021-06-05 20:19:52.273404,656,Gdynia,360,6,21:27:44,1,50.997440338134766
2021-06-05 20:19:52.288250,657,Konin,620,2,18:23:57,0,40.75
2021-06-05 20:19:52.303639,658,Mielec,620,3,08:53:41,0,56.75
2021-06-05 20:19:52.310585,659,Police,516,5,06:25:54,0,35.5
2021-06-05 20:19:52.366500,660,Radom,516,2,22:01:41,1,34.75151824951172
2021-06-05 20:19:52.381523,661,Kutno,516,5,06:30:26,0,48.75
2021-06-05 20:19:52.391874,662,Radom,360,2,10:05:27,0,54.5
2021-06-05 20:19:52.445065,663,Warszawa,360,3,21:52:40,1,38.42074203491211
2021-06-05 20:19:52.501618,664,Kutno,620,3,08:42:26,1,46.55451583862305
2021-06-05 20:19:52.560119,665,Kutno,516,3,20:02:44,1,46.180999755859375
2021-06-05 20:19:52.574462,666,Szczecin,620,5,04:54:16,0,38.5
2021-06-05 20:19:52.584573,667,Police,360,4,22:08:03,0,45.0
2021-06-05 20:19:52.594538,668,Konin,360,6,10:13:13,0,46.75
2021-06-05 20:19:52.649288,669,Kutno,360,1,17:51:31,1,44.34027862548828
2021-06-05 20:19:52.706694,670,Gdynia,620,5,06:10:33,1,52.54023742675781
2021-06-05 20:19:52.765245,671,Police,360,6,06:18:51,1,32.15964889526367
2021-06-05 20:19:52.780660,672,Police,620,5,18:58:14,0,37.75
2021-06-05 20:19:52.834367,673,Szczecin,516,0,22:28:55,1,27.943321228027344
2021-06-05 20:19:52.848280,674,Szczecin,516,3,23:42:57,0,30.5
2021-06-05 20:19:52.901928,675,Radom,516,0,22:29:05,1,29.61301040649414
2021-06-05 20:19:52.961709,676,Radom,516,2,12:01:39,1,31.44109535217285
2021-06-05 20:19:52.979799,677,Police,360,3,08:24:55,0,38.5
2021-06-05 20:19:52.991925,678,Gdynia,516,5,08:21:47,0,38.75
2021-06-05 20:19:53.041752,679,Radom,360,6,05:55:10,1,42.23768997192383
2021-06-05 20:19:53.104626,680,Police,516,4,10:33:05,1,30.251018524169922
2021-06-05 20:19:53.171529,681,Kutno,620,6,18:26:20,1,44.05335998535156
2021-06-05 20:19:53.236355,682,Konin,620,0,04:07:57,1,50.73305892944336
2021-06-05 20:19:53.251464,683,Mielec,620,6,11:20:15,0,53.5
2021-06-05 20:19:53.261493,684,Konin,360,5,10:29:04,0,55.0
2021-06-05 20:19:53.284609,685,Police,360,1,17:18:02,0,34.0
2021-06-05 20:19:53.344191,686,Police,620,4,22:19:25,1,29.330219268798828
2021-06-05 20:19:53.364204,687,Police,620,5,07:28:28,0,37.75
2021-06-05 20:19:53.384157,688,Mielec,620,3,11:11:15,0,56.75
2021-06-05 20:19:53.400171,689,Konin,360,3,17:40:52,0,50.0
2021-06-05 20:19:53.406154,690,Konin,360,1,19:57:23,0,45.5
2021-06-05 20:19:53.665743,691,Szczecin,360,1,02:39:08,1,29.483442306518555
2021-06-05 20:19:53.723899,692,Konin,360,4,12:35:37,1,70.56201934814453
2021-06-05 20:19:53.781952,693,Gdynia,516,3,14:15:12,1,49.38794708251953
2021-06-05 20:19:53.796345,694,Szczecin,620,0,15:51:19,0,30.25
2021-06-05 20:19:53.870475,695,Gdynia,516,4,04:08:32,1,52.73848342895508
2021-06-05 20:19:53.887459,696,Konin,620,0,16:17:26,0,41.25
2021-06-05 20:19:53.898470,697,Konin,516,1,03:18:22,0,37.5
2021-06-05 20:19:53.956743,698,Police,516,1,10:52:13,1,27.552318572998047
2021-06-05 20:19:54.015176,699,Police,516,6,08:36:42,1,30.126087188720703
2021-06-05 20:19:54.073749,700,Mielec,360,4,23:16:37,1,79.65219116210938
2021-06-05 20:19:54.088438,701,Warszawa,360,6,18:51:47,0,51.5
2021-06-05 20:19:54.100406,702,Warszawa,360,3,23:43:36,0,54.5
2021-06-05 20:19:54.110410,703,Mielec,360,5,19:00:18,0,67.5
2021-06-05 20:19:54.132320,704,Kutno,620,2,01:36:07,0,42.75
2021-06-05 20:19:54.146115,705,Mielec,620,0,13:01:15,0,53.75
2021-06-05 20:19:54.151138,706,Police,516,5,21:56:48,0,35.0
2021-06-05 20:19:54.167059,707,Police,516,6,21:29:46,0,26.75
2021-06-05 20:19:54.222337,708,Kutno,516,3,18:47:34,1,46.07332992553711
2021-06-05 20:19:54.278602,709,Kutno,620,0,13:26:18,1,43.6689338684082
2021-06-05 20:19:54.335988,710,Gdynia,620,1,05:27:07,1,44.253509521484375
2021-06-05 20:19:54.395297,711,Szczecin,360,0,11:42:06,1,30.340333938598633
2021-06-05 20:19:54.410506,712,Szczecin,360,0,02:08:02,0,36.25
2021-06-05 20:19:54.420805,713,Mielec,360,4,17:51:53,0,69.25
2021-06-05 20:19:54.429825,714,Police,620,6,09:56:45,0,29.5
2021-06-05 20:19:54.495818,715,Szczecin,360,4,19:52:34,1,34.48451232910156
2021-06-05 20:19:54.510898,716,Police,620,2,15:25:16,0,29.25
2021-06-05 20:19:54.520530,717,Warszawa,620,3,02:22:28,0,49.25
2021-06-05 20:19:54.533495,718,Gdynia,620,3,02:19:17,0,36.5
2021-06-05 20:19:54.588175,719,Warszawa,516,0,09:23:02,1,22.811641693115234
2021-06-05 20:19:54.600177,720,Radom,620,2,08:36:56,0,48.75
2021-06-05 20:19:54.606161,721,Mielec,620,2,05:46:00,0,53.5
2021-06-05 20:19:54.617132,722,Radom,516,6,22:32:40,0,46.25
2021-06-05 20:19:54.673979,723,Gdynia,620,6,18:40:51,1,44.062103271484375
2021-06-05 20:19:54.688159,724,Police,516,4,18:57:21,0,37.0
2021-06-05 20:19:54.743388,725,Warszawa,620,4,10:03:21,1,54.52220153808594
2021-06-05 20:19:54.801780,726,Konin,360,2,02:10:44,1,54.73953628540039
2021-06-05 20:19:54.817106,727,Police,620,2,00:52:40,0,29.5
2021-06-05 20:19:54.879391,728,Szczecin,516,2,12:46:17,1,27.63333511352539
2021-06-05 20:19:54.936525,729,Mielec,516,1,07:09:51,1,68.044189453125
2021-06-05 20:19:54.994771,730,Kutno,360,0,14:05:41,1,43.8984260559082
2021-06-05 20:19:55.054897,731,Kutno,516,5,05:02:49,1,52.6478157043457
2021-06-05 20:19:55.113526,732,Konin,516,5,19:08:34,1,53.84616470336914
2021-06-05 20:19:55.171295,733,Police,360,6,05:12:51,1,32.45045471191406
2021-06-05 20:19:55.185906,734,Konin,516,3,09:31:09,0,41.75
2021-06-05 20:19:55.237505,735,Mielec,360,1,18:33:23,1,69.63444519042969
2021-06-05 20:19:55.249809,736,Konin,360,2,17:25:09,0,46.5
2021-06-05 20:19:55.300864,737,Mielec,360,5,12:41:24,1,72.71576690673828
2021-06-05 20:19:55.357837,738,Police,620,4,16:13:18,1,28.41434097290039
2021-06-05 20:19:55.414738,739,Police,360,2,15:31:54,1,29.64406394958496
2021-06-05 20:19:55.474630,740,Mielec,620,0,16:21:32,1,70.90013122558594
2021-06-05 20:19:55.490326,741,Szczecin,620,5,09:30:17,0,38.25
2021-06-05 20:19:55.542008,742,Kutno,620,2,22:26:02,1,44.664432525634766
2021-06-05 20:19:55.601515,743,Kutno,360,0,20:53:55,1,43.81048583984375
2021-06-05 20:19:55.660397,744,Szczecin,516,5,04:44:35,1,45.66716003417969
2021-06-05 20:19:55.720485,745,Gdynia,516,3,07:13:29,1,48.13816833496094
2021-06-05 20:19:55.777362,746,Warszawa,516,6,00:01:34,1,29.894990921020508
2021-06-05 20:19:55.837031,747,Warszawa,516,1,21:33:04,1,26.046098709106445
2021-06-05 20:19:55.850997,748,Szczecin,360,6,13:02:24,0,35.75
2021-06-05 20:19:55.901871,749,Mielec,360,6,10:05:06,1,71.4351806640625
2021-06-05 20:19:55.912832,750,Police,620,5,18:29:14,0,37.75
2021-06-05 20:19:55.919842,751,Police,360,2,06:41:24,0,35.25
2021-06-05 20:19:55.985356,752,Kutno,620,6,20:12:47,1,44.034523010253906
2021-06-05 20:19:56.052220,753,Police,516,0,00:04:39,1,29.567049026489258
2021-06-05 20:19:56.114903,754,Warszawa,360,3,05:02:01,1,38.88328170776367
2021-06-05 20:19:56.180913,755,Gdynia,516,0,22:59:12,1,40.18903350830078
2021-06-05 20:19:56.195330,756,Kutno,360,3,23:38:40,0,51.5
2021-06-05 20:19:56.252626,757,Radom,620,2,22:29:59,1,45.241119384765625
2021-06-05 20:19:56.267211,758,Warszawa,620,2,02:13:32,0,45.75
2021-06-05 20:19:56.281585,759,Konin,360,1,16:35:19,0,45.5
2021-06-05 20:19:56.292556,760,Radom,360,2,19:27:07,0,54.5
2021-06-05 20:19:56.348959,761,Gdynia,620,5,04:59:01,1,53.41788101196289
2021-06-05 20:19:56.405474,762,Warszawa,516,4,09:18:21,1,28.811504364013672
2021-06-05 20:19:56.419371,763,Police,620,3,01:30:51,0,33.0
2021-06-05 20:19:56.477231,764,Gdynia,516,0,18:57:54,1,39.77351760864258
2021-06-05 20:19:56.492557,765,Konin,360,3,04:08:58,0,50.25
2021-06-05 20:19:56.546414,766,Gdynia,360,6,01:40:41,1,51.457801818847656
2021-06-05 20:19:56.560272,767,Konin,516,2,15:18:42,0,38.25
2021-06-05 20:19:56.614827,768,Konin,516,4,18:43:27,1,61.3202018737793
2021-06-05 20:19:56.629175,769,Mielec,360,6,02:27:06,0,59.5
2021-06-05 20:19:56.686272,770,Warszawa,516,4,13:38:51,1,30.28311538696289
2021-06-05 20:19:56.701274,771,Warszawa,360,4,16:50:17,0,61.5
2021-06-05 20:19:56.752137,772,Warszawa,620,1,20:41:26,1,40.37204360961914
2021-06-05 20:19:56.766487,773,Police,620,3,20:45:01,0,32.75
2021-06-05 20:19:56.776038,774,Mielec,620,0,14:22:06,0,53.75
2021-06-05 20:19:56.787993,775,Police,620,6,20:19:29,0,29.5
2021-06-05 20:19:56.841143,776,Mielec,620,5,10:26:54,1,71.02095794677734
2021-06-05 20:19:56.855326,777,Kutno,360,1,02:16:07,0,47.5
2021-06-05 20:19:56.865571,778,Warszawa,620,1,22:27:23,0,44.25
2021-06-05 20:19:56.875498,779,Szczecin,620,1,19:19:01,0,28.75
2021-06-05 20:19:56.887498,780,Radom,620,6,13:00:45,0,49.0
2021-06-05 20:19:56.943738,781,Police,620,5,15:11:02,1,41.89361572265625
2021-06-05 20:19:57.002542,782,Szczecin,620,4,11:48:33,1,27.539493560791016
2021-06-05 20:19:57.061389,783,Police,360,2,02:39:55,1,28.862083435058594
2021-06-05 20:19:57.075803,784,Kutno,620,3,07:46:02,0,46.0
2021-06-05 20:19:57.086482,785,Mielec,360,3,16:28:42,0,62.5
2021-06-05 20:19:57.141279,786,Konin,620,2,20:08:38,1,49.249202728271484
2021-06-05 20:19:57.155646,787,Gdynia,516,5,18:58:37,0,38.75
2021-06-05 20:19:57.210234,788,Warszawa,516,2,19:03:17,1,26.474056243896484
2021-06-05 20:19:57.265125,789,Radom,360,3,12:30:51,1,44.210636138916016
2021-06-05 20:19:57.280425,790,Szczecin,516,3,14:55:17,0,30.75
2021-06-05 20:19:57.333910,791,Konin,516,5,04:07:05,1,57.96604919433594
2021-06-05 20:19:57.393749,792,Radom,620,3,16:24:28,1,42.917518615722656
2021-06-05 20:19:57.451410,793,Szczecin,620,4,11:02:57,1,27.390735626220703
2021-06-05 20:19:57.465525,794,Mielec,620,0,15:25:22,0,53.75
2021-06-05 20:19:57.475416,795,Konin,516,4,15:48:14,0,48.5
2021-06-05 20:19:57.531266,796,Radom,360,5,10:31:47,1,48.10426712036133
2021-06-05 20:19:57.590358,797,Szczecin,360,1,09:52:22,1,28.987125396728516
2021-06-05 20:19:57.647457,798,Police,516,3,06:06:55,1,29.64189910888672
2021-06-05 20:19:57.705679,799,Gdynia,360,3,06:33:17,1,54.25199890136719
2021-06-05 20:19:57.764922,800,Konin,620,6,10:57:12,1,49.31222152709961
2021-06-05 20:19:57.824635,801,Kutno,360,6,09:31:26,1,47.58839416503906
2021-06-05 20:19:57.838978,802,Police,620,0,20:23:29,0,29.75
2021-06-05 20:19:57.847516,803,Warszawa,620,0,14:40:38,0,46.0
2021-06-05 20:19:57.859530,804,Police,516,1,07:29:29,0,25.75
2021-06-05 20:19:57.870477,805,Police,360,4,22:58:39,0,45.0
2021-06-05 20:19:57.880464,806,Gdynia,620,1,18:22:14,0,31.75
2021-06-05 20:19:57.892387,807,Warszawa,620,6,18:31:50,0,45.75
2021-06-05 20:19:57.900596,808,Kutno,516,0,07:07:49,0,40.5
2021-06-05 20:19:57.955459,809,Mielec,620,1,04:15:17,1,74.16080474853516
2021-06-05 20:19:58.014297,810,Gdynia,516,1,13:23:12,1,42.454097747802734
2021-06-05 20:19:58.029807,811,Konin,516,2,21:34:18,0,38.0
2021-06-05 20:19:58.084660,812,Kutno,620,0,15:36:25,1,43.45949172973633
2021-06-05 20:19:58.141729,813,Police,620,3,13:53:07,1,25.997211456298828
2021-06-05 20:19:58.158103,814,Police,360,5,10:13:20,0,43.5
2021-06-05 20:19:58.214002,815,Szczecin,620,6,17:44:58,1,25.594348907470703
2021-06-05 20:19:58.228303,816,Kutno,620,6,16:15:27,0,42.75
2021-06-05 20:19:58.240272,817,Warszawa,360,3,15:18:14,0,54.75
2021-06-05 20:19:58.293091,818,Kutno,516,0,20:14:58,1,33.914817810058594
2021-06-05 20:19:58.307894,819,Radom,620,4,13:06:19,0,59.0
2021-06-05 20:19:58.317874,820,Mielec,516,5,20:30:18,0,59.25
2021-06-05 20:19:58.330833,821,Warszawa,620,5,10:50:48,0,54.0
2021-06-05 20:19:58.385462,822,Radom,620,5,10:08:30,1,47.44969940185547
2021-06-05 20:19:58.443969,823,Police,620,2,00:38:26,1,28.49242401123047
2021-06-05 20:19:58.502876,824,Police,360,5,08:10:12,1,47.349369049072266
2021-06-05 20:19:58.517135,825,Mielec,516,4,02:34:19,0,61.25
2021-06-05 20:19:58.573115,826,Radom,620,4,17:10:38,1,58.78654479980469
2021-06-05 20:19:58.631171,827,Radom,360,4,15:39:51,1,62.862274169921875
2021-06-05 20:19:58.693488,828,Warszawa,516,1,01:05:43,1,23.755718231201172
2021-06-05 20:19:58.749360,829,Radom,360,3,18:26:43,1,45.55080795288086
2021-06-05 20:19:58.814329,830,Radom,620,4,15:43:13,1,58.36005401611328
2021-06-05 20:19:58.832702,831,Mielec,360,3,10:10:07,0,62.5
2021-06-05 20:19:58.848662,832,Radom,516,1,11:38:24,0,45.25
2021-06-05 20:19:58.900970,833,Radom,620,0,00:39:29,1,44.2076416015625
2021-06-05 20:19:58.915693,834,Police,360,1,12:31:14,0,34.0
2021-06-05 20:19:58.923639,835,Police,516,1,03:45:59,0,26.0
2021-06-05 20:19:58.978951,836,Police,620,1,21:51:14,1,24.21587371826172
2021-06-05 20:19:58.993020,837,Konin,360,3,18:50:59,0,50.0
2021-06-05 20:19:59.004028,838,Warszawa,516,0,00:10:58,0,43.75
2021-06-05 20:19:59.012016,839,Warszawa,360,2,03:27:52,0,51.5
2021-06-05 20:19:59.023039,840,Radom,360,0,21:00:51,0,55.0
2021-06-05 20:19:59.034975,841,Police,620,3,09:34:10,0,32.75
2021-06-05 20:19:59.102727,842,Kutno,516,4,02:35:08,1,47.01538848876953
2021-06-05 20:19:59.162274,843,Warszawa,620,4,15:35:45,1,55.91969299316406
2021-06-05 20:19:59.218460,844,Szczecin,620,0,09:27:48,1,26.282442092895508
2021-06-05 20:19:59.273499,845,Police,360,3,17:47:59,1,29.666549682617188
2021-06-05 20:19:59.332042,846,Radom,360,3,02:44:49,1,44.30805587768555
2021-06-05 20:19:59.352121,847,Szczecin,620,0,12:13:27,0,30.25
2021-06-05 20:19:59.407971,848,Police,360,4,12:25:42,1,32.9884033203125
2021-06-05 20:19:59.423469,849,Radom,360,0,16:15:52,0,55.0
2021-06-05 20:19:59.477172,850,Szczecin,620,4,18:27:29,1,28.825733184814453
2021-06-05 20:19:59.549585,851,Police,620,4,06:57:02,1,26.64358139038086
2021-06-05 20:19:59.606815,852,Szczecin,516,4,06:17:00,1,29.762340545654297
2021-06-05 20:19:59.662764,853,Szczecin,360,5,21:10:03,1,40.28968048095703
2021-06-05 20:19:59.677597,854,Radom,516,5,13:06:32,0,54.75
2021-06-05 20:19:59.688578,855,Szczecin,360,0,02:24:49,0,36.25
2021-06-05 20:19:59.745515,856,Konin,620,6,09:53:43,1,49.25263595581055
2021-06-05 20:19:59.759893,857,Kutno,620,6,00:13:25,0,43.0
2021-06-05 20:19:59.815825,858,Gdynia,620,0,15:52:17,1,42.728790283203125
2021-06-05 20:19:59.874459,859,Police,360,3,09:36:47,1,30.171323776245117
2021-06-05 20:19:59.889623,860,Szczecin,516,5,11:48:34,0,35.75
2021-06-05 20:19:59.942635,861,Gdynia,360,2,18:28:16,1,52.308719635009766
2021-06-05 20:19:59.956598,862,Radom,620,2,06:14:17,0,49.0
2021-06-05 20:19:59.970142,863,Szczecin,360,4,08:21:15,0,45.75
2021-06-05 20:20:00.032254,864,Radom,360,1,13:15:20,1,41.781375885009766
2021-06-05 20:20:00.046071,865,Konin,360,3,15:09:02,0,50.0
2021-06-05 20:20:00.056801,866,Szczecin,516,1,17:01:54,0,26.25
2021-06-05 20:20:00.108627,867,Police,516,6,01:16:28,1,32.780418395996094
2021-06-05 20:20:00.123003,868,Kutno,360,6,20:01:06,0,48.5
2021-06-05 20:20:00.178232,869,Mielec,516,6,18:27:07,1,74.435546875
2021-06-05 20:20:00.189967,870,Konin,360,6,08:34:02,0,46.75
2021-06-05 20:20:00.242356,871,Szczecin,516,4,16:46:47,1,30.386150360107422
2021-06-05 20:20:00.257236,872,Warszawa,516,6,18:29:06,0,43.25
2021-06-05 20:20:00.267138,873,Mielec,360,3,18:59:47,0,62.5
2021-06-05 20:20:00.278103,874,Mielec,360,4,09:19:21,0,69.25
2021-06-05 20:20:00.299047,875,Warszawa,360,5,23:18:41,0,59.5
2021-06-05 20:20:00.314919,876,Mielec,516,2,18:57:15,0,50.75
2021-06-05 20:20:00.331378,877,Kutno,360,4,05:45:42,0,58.75
2021-06-05 20:20:00.343654,878,Szczecin,620,6,13:56:06,0,30.0
2021-06-05 20:20:00.396431,879,Police,620,3,08:34:46,1,27.3854923248291
2021-06-05 20:20:00.452384,880,Gdynia,360,5,05:26:37,1,56.10561752319336
2021-06-05 20:20:00.466813,881,Szczecin,620,1,04:15:10,0,29.0
2021-06-05 20:20:00.482469,882,Radom,620,3,17:43:27,0,52.25
2021-06-05 20:20:00.493148,883,Warszawa,516,1,14:05:34,0,42.0
2021-06-05 20:20:00.509093,884,Szczecin,516,4,09:08:45,0,37.5
2021-06-05 20:20:00.558819,885,Konin,516,0,09:42:42,1,49.197879791259766
2021-06-05 20:20:00.572850,886,Kutno,360,5,10:21:30,0,56.75
2021-06-05 20:20:00.625827,887,Konin,360,4,13:02:19,1,70.44220733642578
2021-06-05 20:20:00.640190,888,Police,516,2,00:51:15,0,27.0
2021-06-05 20:20:00.651575,889,Police,516,0,05:16:56,0,27.5
2021-06-05 20:20:00.660551,890,Police,620,6,22:39:14,0,29.25
2021-06-05 20:20:00.716466,891,Police,516,1,06:03:29,1,28.07413101196289
2021-06-05 20:20:00.730532,892,Police,516,1,07:47:09,0,25.75
2021-06-05 20:20:00.743497,893,Gdynia,620,3,14:26:08,0,36.25
2021-06-05 20:20:00.760452,894,Kutno,516,4,10:59:44,0,50.25
2021-06-05 20:20:00.776460,895,Gdynia,360,2,02:15:24,0,38.75
2021-06-05 20:20:00.784441,896,Police,516,4,10:16:57,0,37.0
2021-06-05 20:20:00.793654,897,Mielec,516,2,09:47:07,0,50.75
2021-06-05 20:20:00.850643,898,Warszawa,360,2,23:40:49,1,38.96473693847656
2021-06-05 20:20:00.908185,899,Szczecin,360,6,06:42:41,1,31.902667999267578
2021-06-05 20:20:00.922253,900,Radom,516,6,00:52:09,0,46.75
2021-06-05 20:20:00.975881,901,Warszawa,516,3,07:28:59,1,26.859331130981445
2021-06-05 20:20:01.037225,902,Szczecin,516,4,01:06:12,1,29.332979202270508
2021-06-05 20:20:01.094660,903,Konin,620,2,14:21:50,1,50.04938507080078
2021-06-05 20:20:01.151668,904,Police,516,0,15:05:36,1,28.300214767456055
2021-06-05 20:20:01.165026,905,Police,516,0,09:07:44,0,27.25
2021-06-05 20:20:01.178163,906,Szczecin,360,5,14:09:24,0,44.0
2021-06-05 20:20:01.235473,907,Gdynia,516,5,04:09:49,1,53.855873107910156
2021-06-05 20:20:01.293234,908,Radom,620,3,04:52:42,1,43.201236724853516
2021-06-05 20:20:01.307170,909,Mielec,620,5,22:30:43,0,61.5
2021-06-05 20:20:01.318125,910,Warszawa,360,0,00:16:02,0,52.0
2021-06-05 20:20:01.369961,911,Szczecin,360,4,00:16:41,1,30.955951690673828
2021-06-05 20:20:01.385384,912,Radom,360,5,10:24:11,0,63.0
2021-06-05 20:20:01.393336,913,Warszawa,360,5,20:45:40,0,59.75
2021-06-05 20:20:01.457348,914,Gdynia,620,3,22:34:36,1,46.872825622558594
2021-06-05 20:20:01.514838,915,Mielec,360,2,07:12:07,1,84.03751373291016
2021-06-05 20:20:01.526181,916,Szczecin,620,6,09:11:45,0,30.0
2021-06-05 20:20:01.533174,917,Radom,360,5,17:26:33,0,63.0
2021-06-05 20:20:01.549536,918,Police,620,2,18:08:03,0,29.25
2021-06-05 20:20:01.563798,919,Gdynia,360,2,08:19:14,0,38.5
2021-06-05 20:20:01.572774,920,Police,360,0,00:53:46,0,35.75
2021-06-05 20:20:01.628810,921,Kutno,620,4,23:16:57,1,61.87022399902344
2021-06-05 20:20:01.642888,922,Radom,620,0,21:32:22,0,49.0
2021-06-05 20:20:01.700446,923,Gdynia,360,2,02:12:34,1,51.34172439575195
2021-06-05 20:20:01.715406,924,Szczecin,516,4,05:23:31,0,37.75
2021-06-05 20:20:01.769753,925,Gdynia,620,1,11:46:43,1,43.86061096191406
2021-06-05 20:20:01.827525,926,Konin,516,2,11:27:13,1,50.615081787109375
2021-06-05 20:20:01.842084,927,Warszawa,620,4,13:38:52,0,55.75
2021-06-05 20:20:01.896850,928,Szczecin,360,2,06:08:26,1,28.91272735595703
2021-06-05 20:20:01.911475,929,Konin,620,2,21:39:32,0,40.5
2021-06-05 20:20:01.969080,930,Mielec,516,6,11:23:26,1,75.38268280029297
2021-06-05 20:20:02.027180,931,Gdynia,620,3,18:23:47,1,46.564212799072266
2021-06-05 20:20:02.042789,932,Radom,620,5,01:43:16,0,57.5
2021-06-05 20:20:02.097166,933,Gdynia,360,6,23:08:10,1,51.000396728515625
2021-06-05 20:20:02.111549,934,Radom,516,1,13:25:07,0,45.25
2021-06-05 20:20:02.168887,935,Gdynia,360,4,13:45:44,1,67.64280700683594
2021-06-05 20:20:02.183268,936,Radom,360,5,04:36:28,0,63.25
2021-06-05 20:20:02.193619,937,Szczecin,516,3,11:33:02,0,30.75
2021-06-05 20:20:02.204588,938,Radom,360,0,06:30:04,0,55.25
2021-06-05 20:20:02.214558,939,Police,620,4,02:48:09,0,39.75
2021-06-05 20:20:02.271401,940,Szczecin,620,3,14:23:46,1,25.835721969604492
2021-06-05 20:20:02.329334,941,Szczecin,516,1,23:36:34,1,26.858129501342773
2021-06-05 20:20:02.343614,942,Warszawa,360,5,21:24:14,0,59.5
2021-06-05 20:20:02.398790,943,Radom,360,5,03:11:35,1,52.944252014160156
2021-06-05 20:20:02.456283,944,Police,620,4,00:50:16,1,25.673248291015625
2021-06-05 20:20:02.517319,945,Mielec,516,6,04:28:07,1,76.3235855102539
2021-06-05 20:20:02.574374,946,Gdynia,620,3,02:37:34,1,45.51243209838867
2021-06-05 20:20:02.589196,947,Szczecin,360,1,00:40:33,0,34.75
2021-06-05 20:20:02.643369,948,Police,620,5,23:48:57,1,37.60858154296875
2021-06-05 20:20:02.655426,949,Mielec,360,2,01:16:23,0,59.25
2021-06-05 20:20:02.661376,950,Warszawa,360,5,11:32:34,0,59.75
2021-06-05 20:20:02.675347,951,Police,360,0,20:32:08,0,35.5
2021-06-05 20:20:02.692374,952,Gdynia,360,4,03:56:24,0,49.0
2021-06-05 20:20:02.751350,953,Police,516,3,07:26:32,1,29.166011810302734
2021-06-05 20:20:02.767236,954,Police,620,0,14:16:29,0,29.75
2021-06-05 20:20:02.776212,955,Warszawa,516,4,15:38:56,0,53.25
2021-06-05 20:20:02.787240,956,Konin,620,5,03:23:18,0,49.5
2021-06-05 20:20:02.797049,957,Police,620,1,17:11:07,0,28.25
2021-06-05 20:20:02.852980,958,Police,516,1,19:20:41,1,27.083045959472656
2021-06-05 20:20:02.912138,959,Warszawa,516,6,22:10:37,1,26.284912109375
2021-06-05 20:20:02.970272,960,Konin,620,2,13:56:26,1,50.11448287963867
2021-06-05 20:20:02.985650,961,Szczecin,516,3,21:16:13,0,30.5
2021-06-05 20:20:03.039774,962,Police,360,6,07:31:00,1,31.85199546813965
2021-06-05 20:20:03.054570,963,Gdynia,620,1,12:20:06,0,31.75
2021-06-05 20:20:03.107981,964,Radom,360,6,19:43:51,1,43.023704528808594
2021-06-05 20:20:03.166885,965,Police,620,1,22:24:59,1,24.24744415283203
2021-06-05 20:20:03.181013,966,Mielec,516,1,21:04:04,0,49.75
2021-06-05 20:20:03.237277,967,Warszawa,516,4,06:31:32,1,28.171546936035156
2021-06-05 20:20:03.252177,968,Warszawa,360,1,20:02:47,0,50.25
2021-06-05 20:20:03.262950,969,Warszawa,516,3,22:43:03,0,46.25
2021-06-05 20:20:03.326627,970,Warszawa,360,6,16:54:00,1,37.88703155517578
2021-06-05 20:20:03.385309,971,Warszawa,516,4,02:14:15,1,27.575428009033203
2021-06-05 20:20:03.444467,972,Kutno,360,6,17:16:59,1,47.11355972290039
2021-06-05 20:20:03.458670,973,Mielec,620,0,19:45:46,0,53.75
2021-06-05 20:20:03.512304,974,Konin,360,1,23:24:59,1,52.91172409057617
2021-06-05 20:20:03.532355,975,Warszawa,620,6,08:04:18,0,45.75
2021-06-05 20:20:03.553348,976,Radom,516,2,08:22:17,0,46.25
2021-06-05 20:20:03.612002,977,Konin,360,4,10:12:01,1,71.31342315673828
2021-06-05 20:20:03.672308,978,Police,360,4,16:06:00,1,33.761192321777344
2021-06-05 20:20:03.730237,979,Kutno,620,2,17:43:52,1,44.85638427734375
2021-06-05 20:20:03.788617,980,Szczecin,620,4,20:45:21,1,29.163145065307617
2021-06-05 20:20:03.849380,981,Kutno,516,5,19:29:47,1,48.194149017333984
2021-06-05 20:20:03.864231,982,Kutno,620,2,14:03:46,0,42.5
2021-06-05 20:20:03.918121,983,Mielec,516,2,22:41:04,1,91.80699157714844
2021-06-05 20:20:03.974649,984,Gdynia,620,2,00:41:56,1,45.10585021972656
2021-06-05 20:20:04.036081,985,Police,360,4,14:11:02,1,33.36375427246094
2021-06-05 20:20:04.051874,986,Warszawa,620,4,19:40:06,0,55.75
2021-06-05 20:20:04.059852,987,Konin,516,3,11:15:27,0,41.75
2021-06-05 20:20:04.113707,988,Warszawa,620,6,15:10:47,1,38.7982292175293
2021-06-05 20:20:04.167529,989,Mielec,360,3,10:48:21,1,81.7237548828125
2021-06-05 20:20:04.422833,990,Radom,360,4,19:01:50,1,63.79010009765625
2021-06-05 20:20:04.442866,991,Kutno,516,5,20:11:50,0,48.5
2021-06-05 20:20:04.503133,992,Szczecin,620,1,18:27:51,1,23.97083282470703
2021-06-05 20:20:04.518691,993,Police,516,3,23:31:51,0,30.0
2021-06-05 20:20:04.573629,994,Mielec,620,5,17:54:10,1,68.78010559082031
2021-06-05 20:20:04.588585,995,Konin,516,5,04:27:51,0,47.0
2021-06-05 20:20:04.645445,996,Radom,360,5,02:32:06,1,53.49513244628906
2021-06-05 20:20:04.659032,997,Mielec,620,3,11:07:20,0,56.75
2021-06-05 20:20:04.710893,998,Gdynia,620,0,00:39:11,1,45.30466842651367
2021-06-05 20:20:04.776738,999,Konin,620,3,19:15:42,1,51.47939682006836
2021-06-05 20:20:04.833822,1000,Szczecin,516,5,04:49:38,1,45.59771728515625
2021-06-05 20:20:04.895045,1001,Kutno,360,1,14:44:30,1,44.11357498168945
2021-06-05 20:20:04.951542,1002,Konin,360,5,10:25:34,1,53.32199478149414
2021-06-05 20:20:04.967168,1003,Kutno,360,2,23:01:11,0,48.0
2021-06-05 20:20:04.977197,1004,Kutno,360,5,10:25:23,0,56.75
2021-06-05 20:20:04.987136,1005,Szczecin,620,3,08:29:15,0,33.25
2021-06-05 20:20:05.048969,1006,Kutno,620,0,06:33:55,1,44.99579620361328
2021-06-05 20:20:05.107933,1007,Police,620,6,04:05:49,1,30.18724250793457
2021-06-05 20:20:05.165153,1008,Warszawa,516,5,02:06:26,1,47.995914459228516
2021-06-05 20:20:05.225079,1009,Konin,516,5,18:12:04,1,53.819820404052734
2021-06-05 20:20:05.287527,1010,Police,360,1,16:11:20,1,28.980239868164062
2021-06-05 20:20:05.305635,1011,Gdynia,620,2,02:28:27,0,33.0
2021-06-05 20:20:05.322702,1012,Kutno,360,2,11:00:45,0,48.25
2021-06-05 20:20:05.342061,1013,Kutno,360,2,02:27:46,0,48.5
2021-06-05 20:20:05.406542,1014,Kutno,620,3,19:44:57,1,45.37263870239258
2021-06-05 20:20:05.471070,1015,Warszawa,620,0,04:40:39,1,39.58957290649414
2021-06-05 20:20:05.531151,1016,Konin,360,1,16:48:36,1,52.92216873168945
2021-06-05 20:20:05.545165,1017,Police,620,3,13:19:41,0,32.75
2021-06-05 20:20:05.599370,1018,Konin,360,0,05:40:10,1,54.00349807739258
2021-06-05 20:20:05.656062,1019,Konin,620,5,18:10:56,1,45.97037124633789
2021-06-05 20:20:05.715399,1020,Szczecin,620,2,15:55:57,1,24.63710594177246
2021-06-05 20:20:05.729611,1021,Radom,516,6,15:22:13,0,46.5
2021-06-05 20:20:05.739694,1022,Szczecin,516,5,05:32:18,0,36.0
2021-06-05 20:20:05.750675,1023,Szczecin,516,6,18:53:17,0,27.5
2021-06-05 20:20:05.761696,1024,Warszawa,516,1,17:36:19,0,42.0
2021-06-05 20:20:05.771719,1025,Szczecin,620,5,13:31:06,0,38.25
2021-06-05 20:20:05.783499,1026,Warszawa,516,1,19:28:37,0,42.0
2021-06-05 20:20:05.794475,1027,Mielec,516,1,07:35:32,0,49.75
2021-06-05 20:20:05.805859,1028,Gdynia,516,2,19:35:06,0,30.25
2021-06-05 20:20:05.861410,1029,Police,360,1,07:03:21,1,29.276535034179688
2021-06-05 20:20:05.872307,1030,Kutno,516,0,11:35:36,0,40.5
2021-06-05 20:20:05.923937,1031,Warszawa,516,2,23:39:36,1,27.534347534179688
2021-06-05 20:20:05.938196,1032,Radom,516,3,01:57:01,0,50.0
2021-06-05 20:20:05.949112,1033,Mielec,516,3,20:53:48,0,54.25
2021-06-05 20:20:06.006307,1034,Szczecin,620,5,13:02:53,1,43.06566619873047
2021-06-05 20:20:06.062083,1035,Konin,360,4,18:20:11,1,69.20389556884766
2021-06-05 20:20:06.076233,1036,Szczecin,516,5,12:08:33,0,35.75
2021-06-05 20:20:06.132405,1037,Konin,360,3,04:06:18,1,57.40066146850586
2021-06-05 20:20:06.146516,1038,Warszawa,516,3,12:24:21,0,46.5
2021-06-05 20:20:06.202088,1039,Konin,516,1,22:36:45,1,48.735679626464844
2021-06-05 20:20:06.265921,1040,Mielec,360,6,10:15:14,1,71.52481842041016
2021-06-05 20:20:06.280283,1041,Konin,516,0,06:58:05,0,39.0
2021-06-05 20:20:06.288535,1042,Radom,620,5,06:54:37,0,57.5
2021-06-05 20:20:06.307233,1043,Szczecin,360,0,02:52:08,0,36.25
2021-06-05 20:20:06.322475,1044,Police,620,5,11:51:03,0,37.75
2021-06-05 20:20:06.329848,1045,Police,360,3,05:29:36,0,38.75
2021-06-05 20:20:06.382322,1046,Police,516,5,11:44:03,1,41.7939453125
2021-06-05 20:20:06.396455,1047,Police,620,0,18:16:10,0,29.75
2021-06-05 20:20:06.405424,1048,Mielec,620,5,13:58:05,0,61.75
2021-06-05 20:20:06.417397,1049,Gdynia,360,6,11:17:31,0,38.75
2021-06-05 20:20:06.427365,1050,Kutno,360,3,20:44:07,0,51.75
2021-06-05 20:20:06.439371,1051,Szczecin,620,2,21:14:39,0,29.75
2021-06-05 20:20:06.450344,1052,Gdynia,516,6,19:18:22,0,30.5
2021-06-05 20:20:06.506033,1053,Police,516,0,12:07:22,1,28.38385772705078
2021-06-05 20:20:06.564462,1054,Warszawa,516,3,23:05:45,1,29.977441787719727
2021-06-05 20:20:06.579914,1055,Kutno,516,1,04:54:12,0,39.25
2021-06-05 20:20:06.588406,1056,Police,360,2,18:04:41,0,35.0
2021-06-05 20:20:06.643293,1057,Mielec,620,1,01:30:15,1,74.8115005493164
2021-06-05 20:20:06.658325,1058,Szczecin,360,3,23:58:33,0,38.75
2021-06-05 20:20:06.710136,1059,Szczecin,516,1,00:57:06,1,29.372011184692383
2021-06-05 20:20:06.769350,1060,Warszawa,360,4,13:25:57,1,53.904693603515625
2021-06-05 20:20:06.783759,1061,Radom,360,6,15:39:33,0,54.75
2021-06-05 20:20:06.794585,1062,Szczecin,360,0,03:12:43,0,36.25
2021-06-05 20:20:06.847441,1063,Radom,620,0,21:32:09,1,44.553096771240234
2021-06-05 20:20:06.907018,1064,Police,620,0,16:42:14,1,25.218875885009766
2021-06-05 20:20:06.963869,1065,Warszawa,620,0,13:18:54,1,38.52495193481445
2021-06-05 20:20:07.021691,1066,Police,516,6,19:17:58,1,28.363933563232422
2021-06-05 20:20:07.082633,1067,Radom,360,6,17:46:02,1,42.6102294921875
2021-06-05 20:20:07.094547,1068,Police,516,6,18:26:22,0,27.0
2021-06-05 20:20:07.146367,1069,Mielec,360,4,13:06:45,1,77.57594299316406
2021-06-05 20:20:07.203981,1070,Szczecin,620,1,13:27:14,1,23.814899444580078
2021-06-05 20:20:07.217303,1071,Kutno,516,1,17:35:55,0,39.0
2021-06-05 20:20:07.234602,1072,Warszawa,360,0,14:58:18,0,51.75
2021-06-05 20:20:07.301311,1073,Radom,620,4,08:04:15,1,56.13459396362305
2021-06-05 20:20:07.364735,1074,Radom,360,6,09:12:54,1,41.83574295043945
2021-06-05 20:20:07.429069,1075,Szczecin,516,2,18:36:14,1,27.559030532836914
2021-06-05 20:20:07.449240,1076,Warszawa,516,6,11:40:02,0,43.25
2021-06-05 20:20:07.465236,1077,Police,360,4,03:21:19,0,45.5
2021-06-05 20:20:07.517355,1078,Mielec,516,0,13:48:04,1,74.17410278320312
2021-06-05 20:20:07.538210,1079,Radom,620,0,17:16:57,0,49.25
2021-06-05 20:20:07.608106,1080,Police,516,6,03:27:16,1,31.917322158813477
2021-06-05 20:20:07.629181,1081,Gdynia,516,3,03:10:22,0,34.0
2021-06-05 20:20:07.701201,1082,Radom,516,3,17:40:44,1,30.706924438476562
2021-06-05 20:20:07.762819,1083,Police,620,2,11:14:32,1,25.06507110595703
2021-06-05 20:20:07.820811,1084,Konin,516,2,14:05:19,1,50.94266891479492
2021-06-05 20:20:07.879425,1085,Konin,360,6,13:30:09,1,53.78535079956055
2021-06-05 20:20:07.893610,1086,Radom,516,6,02:26:48,0,46.75
2021-06-05 20:20:07.904879,1087,Warszawa,360,6,22:54:04,0,51.25
2021-06-05 20:20:07.924832,1088,Radom,516,4,02:41:41,0,56.75
2021-06-05 20:20:07.940073,1089,Mielec,516,1,21:19:04,0,49.5
2021-06-05 20:20:07.955060,1090,Kutno,516,2,12:01:48,0,40.0
2021-06-05 20:20:08.008542,1091,Warszawa,620,2,09:51:13,1,40.06880187988281
2021-06-05 20:20:08.068199,1092,Police,360,0,18:55:01,1,30.065832138061523
2021-06-05 20:20:08.082208,1093,Konin,516,2,15:44:00,0,38.25
2021-06-05 20:20:08.093594,1094,Police,516,4,08:44:47,0,37.0
2021-06-05 20:20:08.148326,1095,Szczecin,620,3,06:36:41,1,27.913908004760742
2021-06-05 20:20:08.164018,1096,Szczecin,516,1,23:46:27,0,26.0
2021-06-05 20:20:08.217621,1097,Warszawa,620,0,17:37:22,1,38.92750549316406
2021-06-05 20:20:08.279886,1098,Gdynia,620,4,21:21:30,1,58.80441665649414
2021-06-05 20:20:08.291858,1099,Konin,360,3,14:22:01,0,50.0
2021-06-05 20:20:08.374633,1100,Szczecin,516,2,17:55:18,1,27.552793502807617
2021-06-05 20:20:08.438463,1101,Radom,620,5,20:22:40,1,42.291046142578125
2021-06-05 20:20:08.507348,1102,Szczecin,360,1,14:52:54,1,28.867610931396484
2021-06-05 20:20:08.571504,1103,Mielec,360,1,04:26:31,1,66.27433776855469
2021-06-05 20:20:08.628531,1104,Gdynia,360,3,19:06:12,1,54.15058135986328
2021-06-05 20:20:08.639404,1105,Mielec,516,5,08:19:52,0,59.25
2021-06-05 20:20:08.693939,1106,Gdynia,516,4,13:17:48,1,54.20946502685547
2021-06-05 20:20:08.750046,1107,Szczecin,516,6,22:51:53,1,27.991426467895508
2021-06-05 20:20:08.765006,1108,Konin,516,6,19:00:16,0,38.5
2021-06-05 20:20:08.820435,1109,Szczecin,516,2,04:21:50,1,29.52786636352539
2021-06-05 20:20:08.881036,1110,Gdynia,620,2,09:36:14,1,44.62703323364258
2021-06-05 20:20:08.938589,1111,Szczecin,360,3,16:58:05,1,29.589553833007812
2021-06-05 20:20:08.998350,1112,Warszawa,516,3,00:52:38,1,27.626907348632812
2021-06-05 20:20:09.052237,1113,Warszawa,620,6,04:10:17,1,39.75954055786133
2021-06-05 20:20:09.066620,1114,Police,360,6,05:24:56,0,35.5
2021-06-05 20:20:09.119867,1115,Police,360,5,10:06:42,1,46.154605865478516
2021-06-05 20:20:09.139251,1116,Konin,620,0,19:12:13,0,41.25
2021-06-05 20:20:09.156524,1117,Radom,360,3,23:29:28,0,57.75
2021-06-05 20:20:09.207339,1118,Szczecin,516,4,18:19:39,1,30.450895309448242
2021-06-05 20:20:09.267948,1119,Gdynia,516,0,22:56:44,1,40.18809127807617
2021-06-05 20:20:09.328234,1120,Police,360,2,00:37:33,1,28.89247703552246
2021-06-05 20:20:09.386830,1121,Radom,516,6,15:01:46,1,27.455596923828125
2021-06-05 20:20:09.443729,1122,Kutno,360,4,00:21:19,1,65.61652374267578
2021-06-05 20:20:09.458071,1123,Mielec,620,4,01:33:12,0,63.75
2021-06-05 20:20:09.529164,1124,Gdynia,516,2,13:19:13,1,43.56562042236328
2021-06-05 20:20:09.588115,1125,Radom,620,5,08:25:22,1,48.7668342590332
2021-06-05 20:20:09.601747,1126,Mielec,360,3,08:01:10,0,62.5
2021-06-05 20:20:09.672443,1127,Szczecin,516,1,08:20:54,1,27.682756423950195
2021-06-05 20:20:09.731906,1128,Radom,360,4,18:06:16,1,63.520721435546875
2021-06-05 20:20:09.788802,1129,Mielec,620,0,11:08:29,1,71.65092468261719
2021-06-05 20:20:09.844345,1130,Warszawa,516,3,02:42:52,1,27.092626571655273
2021-06-05 20:20:09.858673,1131,Police,516,6,05:16:36,0,27.25
2021-06-05 20:20:09.869507,1132,Warszawa,516,0,13:47:03,0,43.5
2021-06-05 20:20:09.924782,1133,Gdynia,620,5,07:49:43,1,51.32939147949219
2021-06-05 20:20:09.939399,1134,Warszawa,516,4,06:44:51,0,53.5
2021-06-05 20:20:09.952629,1135,Konin,620,3,00:33:14,0,44.5
2021-06-05 20:20:10.005878,1136,Radom,360,3,16:31:22,1,45.03094482421875
2021-06-05 20:20:10.064820,1137,Konin,360,1,00:28:47,1,52.840415954589844
2021-06-05 20:20:10.124341,1138,Mielec,516,5,07:45:24,1,78.76671600341797
2021-06-05 20:20:10.137880,1139,Mielec,516,5,13:21:56,0,59.25
2021-06-05 20:20:10.146716,1140,Szczecin,516,0,20:38:02,0,27.75
2021-06-05 20:20:10.161653,1141,Szczecin,620,0,08:55:53,0,30.25
2021-06-05 20:20:10.214116,1142,Kutno,360,6,13:38:28,1,47.31919860839844
2021-06-05 20:20:10.274332,1143,Warszawa,516,2,18:31:32,1,26.361167907714844
2021-06-05 20:20:10.335128,1144,Mielec,516,6,01:29:03,1,76.57215118408203
2021-06-05 20:20:10.391350,1145,Radom,360,6,06:06:27,1,42.20646667480469
2021-06-05 20:20:10.448756,1146,Konin,516,4,21:39:00,1,60.70866394042969
2021-06-05 20:20:10.463030,1147,Warszawa,620,0,16:38:17,0,46.0
2021-06-05 20:20:10.517431,1148,Police,360,4,19:37:28,1,34.41828155517578
2021-06-05 20:20:10.578257,1149,Warszawa,620,6,19:06:12,1,38.49787521362305
2021-06-05 20:20:10.593816,1150,Warszawa,620,4,10:56:55,0,55.75
2021-06-05 20:20:10.600797,1151,Police,620,1,15:03:25,0,28.25
2021-06-05 20:20:10.659920,1152,Mielec,360,5,04:07:05,1,72.92630004882812
2021-06-05 20:20:10.674618,1153,Radom,360,4,07:05:25,0,64.75
2021-06-05 20:20:10.727414,1154,Kutno,620,1,09:37:51,1,44.80166244506836
2021-06-05 20:20:10.787949,1155,Police,360,5,04:35:01,1,49.61505889892578
2021-06-05 20:20:10.803329,1156,Mielec,620,4,09:41:34,0,63.5
2021-06-05 20:20:10.859539,1157,Gdynia,516,4,23:45:31,1,54.06129837036133
2021-06-05 20:20:10.916815,1158,Police,620,5,03:04:38,1,48.266685485839844
2021-06-05 20:20:10.978242,1159,Gdynia,516,3,19:29:54,1,50.29233169555664
2021-06-05 20:20:10.993966,1160,Szczecin,516,0,12:52:17,0,27.75
2021-06-05 20:20:11.001908,1161,Warszawa,516,6,08:01:32,0,43.25
2021-06-05 20:20:11.054924,1162,Gdynia,620,3,00:03:00,1,45.459266662597656
2021-06-05 20:20:11.069127,1163,Police,620,3,08:39:56,0,32.75
2021-06-05 20:20:11.079985,1164,Szczecin,620,1,15:30:09,0,28.75
2021-06-05 20:20:11.089938,1165,Mielec,360,2,20:26:40,0,59.0
2021-06-05 20:20:11.146461,1166,Warszawa,516,5,09:31:48,1,44.16244125366211
2021-06-05 20:20:11.206042,1167,Mielec,516,5,13:42:27,1,77.98299407958984
2021-06-05 20:20:11.221132,1168,Mielec,360,6,18:23:03,0,59.25
2021-06-05 20:20:11.229127,1169,Szczecin,360,5,08:54:52,0,44.0
2021-06-05 20:20:11.286439,1170,Szczecin,516,5,15:25:47,1,40.353946685791016
2021-06-05 20:20:11.300755,1171,Police,516,4,13:27:23,0,37.0
2021-06-05 20:20:11.354405,1172,Warszawa,620,1,01:16:12,1,40.61936950683594
2021-06-05 20:20:11.414843,1173,Police,360,1,22:44:17,1,29.236968994140625
2021-06-05 20:20:11.471411,1174,Kutno,516,3,16:10:41,1,45.634246826171875
2021-06-05 20:20:11.485744,1175,Police,620,2,10:25:28,0,29.25
2021-06-05 20:20:11.496416,1176,Police,516,4,04:14:23,0,37.25
2021-06-05 20:20:11.552726,1177,Warszawa,360,4,17:16:49,1,54.90253448486328
2021-06-05 20:20:11.614934,1178,Radom,620,0,03:32:05,1,43.718421936035156
2021-06-05 20:20:11.628905,1179,Warszawa,360,6,23:53:30,0,51.25
2021-06-05 20:20:11.684335,1180,Police,516,0,22:16:03,1,28.062227249145508
2021-06-05 20:20:11.698173,1181,Radom,620,5,13:31:16,0,57.25
2021-06-05 20:20:11.709116,1182,Radom,620,5,10:46:03,0,57.25
2021-06-05 20:20:11.761435,1183,Szczecin,620,5,05:15:00,1,47.27162170410156
2021-06-05 20:20:11.819619,1184,Gdynia,516,6,02:24:47,1,42.62529373168945
2021-06-05 20:20:11.877194,1185,Konin,620,2,18:52:02,1,49.42457962036133
2021-06-05 20:20:11.891973,1186,Konin,516,1,09:32:03,0,37.25
2021-06-05 20:20:11.943214,1187,Gdynia,360,2,21:48:35,1,52.659584045410156
2021-06-05 20:20:12.001952,1188,Kutno,360,0,02:50:03,1,46.126129150390625
2021-06-05 20:20:12.060040,1189,Konin,620,4,09:42:53,1,67.02359771728516
2021-06-05 20:20:12.075697,1190,Szczecin,620,0,00:43:48,0,30.5
2021-06-05 20:20:12.082755,1191,Konin,516,0,22:13:52,0,38.5
2021-06-05 20:20:12.144326,1192,Gdynia,516,5,14:26:20,1,48.56794738769531
2021-06-05 20:20:12.159264,1193,Szczecin,620,1,21:52:15,0,28.5
2021-06-05 20:20:12.167246,1194,Gdynia,620,5,00:47:16,0,41.5
2021-06-05 20:20:12.226497,1195,Police,620,3,11:35:31,1,26.53828239440918
2021-06-05 20:20:12.241862,1196,Police,360,4,08:15:50,0,45.25
2021-06-05 20:20:12.253816,1197,Konin,360,3,13:07:03,0,50.0
2021-06-05 20:20:12.268172,1198,Gdynia,620,1,11:18:19,0,31.75
2021-06-05 20:20:12.284684,1199,Gdynia,620,3,01:34:20,0,36.5
2021-06-05 20:20:12.294232,1200,Police,360,0,06:32:38,0,35.75
2021-06-05 20:20:12.356586,1201,Warszawa,516,6,04:08:33,1,28.28118133544922
2021-06-05 20:20:12.371381,1202,Warszawa,620,5,12:39:05,0,54.0
2021-06-05 20:20:12.383503,1203,Konin,620,5,12:29:32,0,49.25
2021-06-05 20:20:12.395514,1204,Radom,516,0,06:18:10,0,47.0
2021-06-05 20:20:12.414420,1205,Police,516,2,16:45:44,0,26.75
2021-06-05 20:20:12.429062,1206,Gdynia,620,5,01:58:10,0,41.5
2021-06-05 20:20:12.437047,1207,Konin,360,5,19:57:00,0,55.0
2021-06-05 20:20:12.450010,1208,Szczecin,516,6,10:05:44,0,27.5
2021-06-05 20:20:12.460981,1209,Mielec,360,2,16:53:10,0,59.0
2021-06-05 20:20:12.472949,1210,Gdynia,620,4,04:24:33,0,43.25
2021-06-05 20:20:12.534386,1211,Radom,620,3,23:07:00,1,43.54606628417969
2021-06-05 20:20:12.594230,1212,Kutno,620,5,20:43:46,1,42.731563568115234
2021-06-05 20:20:12.610968,1213,Radom,620,4,12:48:11,0,59.0
2021-06-05 20:20:12.621442,1214,Radom,620,3,14:08:19,0,52.25
2021-06-05 20:20:12.677063,1215,Police,360,5,10:36:13,1,45.85727310180664
2021-06-05 20:20:12.691396,1216,Szczecin,516,6,15:26:05,0,27.5
2021-06-05 20:20:12.698375,1217,Szczecin,360,0,08:03:26,0,36.0
2021-06-05 20:20:12.758016,1218,Mielec,516,4,15:42:23,1,72.14051818847656
2021-06-05 20:20:12.772063,1219,Warszawa,360,0,22:56:45,0,51.5
2021-06-05 20:20:12.826929,1220,Konin,620,2,14:03:22,1,50.09534454345703
2021-06-05 20:20:12.890406,1221,Konin,360,5,05:40:50,1,56.203857421875
2021-06-05 20:20:12.904652,1222,Warszawa,620,3,09:34:54,0,49.0
2021-06-05 20:20:12.917679,1223,Police,360,6,14:48:21,0,35.25
2021-06-05 20:20:12.928643,1224,Police,360,0,01:20:22,0,35.75
2021-06-05 20:20:12.984344,1225,Warszawa,620,4,02:05:01,1,52.44294357299805
2021-06-05 20:20:13.042296,1226,Police,360,3,15:40:51,1,29.714859008789062
2021-06-05 20:20:13.101960,1227,Konin,516,2,23:35:01,1,52.229251861572266
2021-06-05 20:20:13.161536,1228,Radom,360,6,08:06:34,1,41.937320709228516
2021-06-05 20:20:13.218139,1229,Szczecin,620,4,10:23:54,1,27.262849807739258
2021-06-05 20:20:13.232315,1230,Police,516,1,06:09:10,0,26.0
2021-06-05 20:20:13.290172,1231,Kutno,516,3,06:21:51,1,43.413665771484375
2021-06-05 20:20:13.304507,1232,Radom,360,2,05:20:37,0,54.75
2021-06-05 20:20:13.316541,1233,Szczecin,360,5,16:12:32,0,44.0
2021-06-05 20:20:13.327518,1234,Radom,516,3,16:53:59,0,49.75
2021-06-05 20:20:13.341902,1235,Warszawa,620,6,07:07:02,0,45.75
2021-06-05 20:20:13.353823,1236,Warszawa,360,5,10:57:03,0,59.75
2021-06-05 20:20:13.366804,1237,Warszawa,516,0,00:49:29,0,43.75
2021-06-05 20:20:13.444580,1238,Police,516,1,08:14:29,1,27.824350357055664
2021-06-05 20:20:13.461342,1239,Police,620,4,12:02:01,0,39.5
2021-06-05 20:20:13.471642,1240,Warszawa,516,6,23:53:55,0,43.0
2021-06-05 20:20:13.482605,1241,Konin,620,5,18:06:22,0,49.25
2021-06-05 20:20:13.548516,1242,Szczecin,516,4,20:47:37,1,30.501646041870117
2021-06-05 20:20:13.562457,1243,Szczecin,620,5,16:45:40,0,38.25
2021-06-05 20:20:13.618481,1244,Konin,516,6,14:16:37,1,46.387054443359375
2021-06-05 20:20:13.677133,1245,Radom,516,0,22:06:18,1,29.483366012573242
2021-06-05 20:20:13.733257,1246,Kutno,516,1,01:56:50,1,33.402687072753906
2021-06-05 20:20:13.796920,1247,Mielec,360,1,19:31:28,1,69.79242706298828
2021-06-05 20:20:13.810632,1248,Warszawa,360,2,00:58:47,0,51.5
2021-06-05 20:20:13.820808,1249,Mielec,620,5,18:59:57,0,61.75
2021-06-05 20:20:13.830783,1250,Gdynia,620,0,18:39:39,0,33.25
2021-06-05 20:20:13.844565,1251,Konin,360,6,03:25:46,0,47.0
2021-06-05 20:20:13.858293,1252,Szczecin,620,0,18:32:03,0,30.25
2021-06-05 20:20:13.866294,1253,Police,516,1,21:25:21,0,25.5
2021-06-05 20:20:13.882228,1254,Radom,620,5,07:31:03,0,57.25
2021-06-05 20:20:13.936288,1255,Police,516,5,09:38:26,1,42.73263168334961
2021-06-05 20:20:13.993838,1256,Police,620,1,21:29:41,1,24.19572639465332
2021-06-05 20:20:14.009194,1257,Radom,360,0,23:34:07,0,54.75
2021-06-05 20:20:14.066056,1258,Szczecin,516,3,04:38:53,1,30.12437629699707
2021-06-05 20:20:14.077277,1259,Konin,516,1,21:02:00,0,37.25
2021-06-05 20:20:14.128357,1260,Warszawa,360,3,03:07:40,1,39.317657470703125
2021-06-05 20:20:14.142756,1261,Konin,360,0,13:20:24,0,47.0
2021-06-05 20:20:14.153744,1262,Konin,620,4,22:54:08,0,50.75
2021-06-05 20:20:14.165713,1263,Gdynia,620,3,09:20:41,0,36.25
2021-06-05 20:20:14.218609,1264,Radom,360,6,21:51:28,1,43.517555236816406
2021-06-05 20:20:14.234290,1265,Gdynia,516,6,12:50:22,0,30.5
2021-06-05 20:20:14.492340,1266,Szczecin,516,6,12:00:49,1,29.153688430786133
2021-06-05 20:20:14.504768,1267,Police,516,4,23:11:17,0,36.75
2021-06-05 20:20:14.553626,1268,Police,516,0,10:04:49,1,28.47775650024414
2021-06-05 20:20:14.610687,1269,Gdynia,516,6,15:25:17,1,42.5149040222168
2021-06-05 20:20:14.626345,1270,Radom,360,6,18:01:34,0,54.75
2021-06-05 20:20:14.637315,1271,Police,360,2,09:01:59,0,35.0
2021-06-05 20:20:14.701144,1272,Police,360,0,13:18:19,1,30.321409225463867
2021-06-05 20:20:14.717898,1273,Radom,360,4,00:13:53,0,65.0
2021-06-05 20:20:14.781057,1274,Warszawa,516,5,16:37:37,1,41.7470588684082
2021-06-05 20:20:14.841837,1275,Warszawa,360,1,07:07:52,1,34.747093200683594
2021-06-05 20:20:14.857165,1276,Kutno,360,4,09:28:51,0,58.5
2021-06-05 20:20:14.865172,1277,Kutno,360,2,11:29:12,0,48.25
2021-06-05 20:20:14.881100,1278,Gdynia,360,5,19:41:02,0,47.0
2021-06-05 20:20:14.938589,1279,Konin,516,0,11:07:14,1,48.8454704284668
2021-06-05 20:20:14.994572,1280,Police,360,1,20:40:32,1,29.129409790039062
2021-06-05 20:20:15.053521,1281,Konin,620,4,15:56:09,1,65.54169464111328
2021-06-05 20:20:15.064535,1282,Police,516,3,21:28:12,0,30.0
2021-06-05 20:20:15.115703,1283,Radom,516,0,09:42:21,1,26.367725372314453
2021-06-05 20:20:15.130566,1284,Police,516,3,16:58:33,0,30.25
2021-06-05 20:20:15.141099,1285,Konin,360,1,20:23:25,0,45.5
2021-06-05 20:20:15.207369,1286,Police,516,1,23:13:38,1,26.98917579650879
2021-06-05 20:20:15.264232,1287,Konin,516,4,08:38:55,1,63.52949142456055
2021-06-05 20:20:15.278930,1288,Police,620,0,22:51:45,0,29.5
2021-06-05 20:20:15.333225,1289,Warszawa,516,5,22:10:30,1,41.01409149169922
2021-06-05 20:20:15.349714,1290,Police,360,6,05:17:05,0,35.5
2021-06-05 20:20:15.411672,1291,Gdynia,516,0,16:56:00,1,39.451210021972656
2021-06-05 20:20:15.426679,1292,Szczecin,360,6,07:08:11,0,35.75
2021-06-05 20:20:15.480536,1293,Radom,620,6,08:25:05,1,41.60824966430664
2021-06-05 20:20:15.494538,1294,Konin,620,5,00:14:57,0,49.5
2021-06-05 20:20:15.547978,1295,Konin,620,1,22:22:39,1,49.02342224121094
2021-06-05 20:20:15.563737,1296,Mielec,360,4,09:12:35,0,69.25
2021-06-05 20:20:15.575626,1297,Police,516,0,20:57:39,0,27.25
2021-06-05 20:20:15.585594,1298,Radom,620,2,08:08:02,0,48.75
2021-06-05 20:20:15.597562,1299,Radom,360,2,09:57:29,0,54.5
2021-06-05 20:20:15.614516,1300,Radom,360,1,22:34:57,0,53.25
2021-06-05 20:20:15.667238,1301,Szczecin,620,4,01:16:23,1,25.713329315185547
2021-06-05 20:20:15.723040,1302,Mielec,360,3,11:12:52,1,81.82648468017578
2021-06-05 20:20:15.781774,1303,Konin,516,0,11:59:43,1,48.624549865722656
2021-06-05 20:20:15.841274,1304,Warszawa,516,1,07:53:50,1,23.716930389404297
2021-06-05 20:20:15.855430,1305,Szczecin,620,0,06:59:59,0,30.5
2021-06-05 20:20:15.862363,1306,Szczecin,516,5,23:39:10,0,35.5
2021-06-05 20:20:15.882510,1307,Mielec,516,3,04:24:16,0,54.5
2021-06-05 20:20:15.946531,1308,Radom,516,2,03:31:26,1,31.135072708129883
2021-06-05 20:20:16.004667,1309,Warszawa,516,6,09:24:01,1,26.688814163208008
2021-06-05 20:20:16.064002,1310,Kutno,516,5,14:58:09,1,48.60112762451172
2021-06-05 20:20:16.078722,1311,Warszawa,620,5,00:04:34,0,54.25
2021-06-05 20:20:16.134297,1312,Police,516,5,23:53:58,1,37.564842224121094
2021-06-05 20:20:16.191914,1313,Szczecin,620,3,23:09:12,1,25.13838768005371
2021-06-05 20:20:16.253730,1314,Szczecin,360,3,05:05:45,1,30.653440475463867
2021-06-05 20:20:16.311702,1315,Szczecin,516,4,06:07:14,1,29.7480411529541
2021-06-05 20:20:16.326323,1316,Radom,360,6,07:27:38,0,54.75
2021-06-05 20:20:16.337098,1317,Konin,516,3,06:29:30,0,42.0
2021-06-05 20:20:16.346107,1318,Szczecin,516,1,13:35:08,0,26.25
2021-06-05 20:20:16.359099,1319,Radom,620,4,23:51:42,0,58.75
2021-06-05 20:20:16.412360,1320,Szczecin,516,4,23:19:46,1,30.533302307128906
2021-06-05 20:20:16.471938,1321,Kutno,620,0,15:30:49,1,43.467830657958984
2021-06-05 20:20:16.529568,1322,Mielec,360,5,08:53:38,1,72.73465728759766
2021-06-05 20:20:16.543961,1323,Szczecin,620,2,19:26:01,0,29.75
2021-06-05 20:20:16.599803,1324,Szczecin,620,5,06:01:26,1,46.88491439819336
2021-06-05 20:20:16.661703,1325,Police,516,6,20:30:01,1,28.278141021728516
2021-06-05 20:20:16.677275,1326,Police,620,2,14:02:56,0,29.25
2021-06-05 20:20:16.727996,1327,Radom,620,5,23:20:04,1,41.893096923828125
2021-06-05 20:20:16.741873,1328,Kutno,620,5,05:32:50,0,51.25
2021-06-05 20:20:16.751885,1329,Gdynia,516,3,14:54:38,0,33.75
2021-06-05 20:20:16.762822,1330,Gdynia,360,4,00:33:56,0,49.0
2021-06-05 20:20:16.773801,1331,Gdynia,360,6,05:39:56,0,39.0
2021-06-05 20:20:16.784764,1332,Mielec,620,3,22:38:05,0,56.5
2021-06-05 20:20:16.839693,1333,Police,620,3,09:04:08,1,27.240209579467773
2021-06-05 20:20:16.854077,1334,Gdynia,516,5,15:18:59,0,38.75
2021-06-05 20:20:16.862063,1335,Radom,620,5,18:56:42,0,57.25
2021-06-05 20:20:16.881569,1336,Police,620,0,17:40:21,0,29.75
2021-06-05 20:20:16.938416,1337,Szczecin,360,5,20:28:27,1,40.55027389526367
2021-06-05 20:20:16.954151,1338,Mielec,620,1,06:37:07,0,52.5
2021-06-05 20:20:17.005725,1339,Police,360,4,02:23:24,1,31.307090759277344
2021-06-05 20:20:17.064267,1340,Szczecin,516,4,18:08:13,1,30.44236946105957
2021-06-05 20:20:17.121227,1341,Szczecin,360,5,11:58:12,1,44.982093811035156
2021-06-05 20:20:17.182176,1342,Radom,360,6,03:03:24,1,42.74351501464844
2021-06-05 20:20:17.196551,1343,Mielec,620,2,12:10:31,0,53.25
2021-06-05 20:20:17.208330,1344,Mielec,360,5,08:57:58,0,67.5
2021-06-05 20:20:17.222190,1345,Gdynia,620,1,07:36:15,0,31.75
2021-06-05 20:20:17.234196,1346,Mielec,516,2,18:36:04,0,50.75
2021-06-05 20:20:17.246383,1347,Konin,360,0,04:06:42,0,47.25
2021-06-05 20:20:17.301230,1348,Radom,620,1,15:44:00,1,43.7374267578125
2021-06-05 20:20:17.315164,1349,Police,516,5,05:36:37,0,35.5
2021-06-05 20:20:17.366073,1350,Police,360,4,18:12:08,1,34.16489028930664
2021-06-05 20:20:17.379910,1351,Kutno,620,1,16:50:50,0,41.5
2021-06-05 20:20:17.390868,1352,Radom,620,1,14:33:08,0,47.75
2021-06-05 20:20:17.401832,1353,Police,516,3,19:29:54,0,30.25
2021-06-05 20:20:17.457599,1354,Konin,516,4,03:55:19,1,64.16553497314453
2021-06-05 20:20:17.517509,1355,Konin,620,2,21:31:56,1,49.06040954589844
2021-06-05 20:20:17.531855,1356,Police,360,6,12:15:07,0,35.25
2021-06-05 20:20:17.544036,1357,Mielec,360,3,02:32:18,0,62.75
2021-06-05 20:20:17.554004,1358,Gdynia,360,6,15:44:43,0,38.75
2021-06-05 20:20:17.606471,1359,Gdynia,620,6,01:48:25,1,43.43596267700195
2021-06-05 20:20:17.620919,1360,Gdynia,360,5,20:39:15,0,47.0
2021-06-05 20:20:17.676887,1361,Radom,620,0,02:31:26,1,43.894012451171875
2021-06-05 20:20:17.691629,1362,Konin,620,4,07:27:08,0,51.0
2021-06-05 20:20:17.702968,1363,Konin,360,2,00:20:54,0,46.75
2021-06-05 20:20:17.758007,1364,Radom,360,3,01:10:52,1,44.58061599731445
2021-06-05 20:20:17.774000,1365,Szczecin,620,3,19:39:14,0,33.25
2021-06-05 20:20:17.783663,1366,Mielec,620,2,21:11:20,0,53.25
2021-06-05 20:20:17.796626,1367,Radom,620,0,09:38:01,0,49.25
2021-06-05 20:20:17.849437,1368,Radom,516,0,02:15:35,1,26.422401428222656
2021-06-05 20:20:17.863943,1369,Warszawa,516,3,13:39:40,0,46.5
2021-06-05 20:20:17.920273,1370,Warszawa,620,3,17:38:06,1,38.75560760498047
2021-06-05 20:20:17.978679,1371,Police,516,1,00:08:29,1,29.78224754333496
2021-06-05 20:20:18.037774,1372,Szczecin,516,4,14:03:00,1,30.303720474243164
2021-06-05 20:20:18.053279,1373,Radom,516,3,03:08:13,0,50.0
2021-06-05 20:20:18.106193,1374,Szczecin,516,4,12:04:52,1,30.23647689819336
2021-06-05 20:20:18.164007,1375,Police,360,2,04:07:54,1,28.90289878845215
2021-06-05 20:20:18.220435,1376,Konin,516,4,08:03:44,1,63.703102111816406
2021-06-05 20:20:18.234810,1377,Warszawa,620,5,07:38:06,0,54.0
2021-06-05 20:20:18.245283,1378,Gdynia,516,2,23:59:03,0,30.0
2021-06-05 20:20:18.257254,1379,Radom,620,2,15:55:32,0,48.75
2021-06-05 20:20:18.325036,1380,Police,516,2,11:51:09,1,27.776565551757812
2021-06-05 20:20:18.385787,1381,Gdynia,360,5,18:45:20,1,51.48087692260742
2021-06-05 20:20:18.444906,1382,Radom,360,5,04:33:49,1,51.833946228027344
2021-06-05 20:20:18.506959,1383,Szczecin,620,0,09:30:31,1,26.27418327331543
2021-06-05 20:20:18.571744,1384,Konin,516,0,06:51:13,1,49.53556823730469
2021-06-05 20:20:18.587496,1385,Szczecin,620,5,03:05:27,0,38.5
2021-06-05 20:20:18.594445,1386,Police,620,6,14:08:28,0,29.5
2021-06-05 20:20:18.656274,1387,Police,516,6,04:00:26,1,31.70404052734375
2021-06-05 20:20:18.672332,1388,Konin,516,0,06:07:47,0,39.0
2021-06-05 20:20:18.727236,1389,Police,620,0,03:00:06,1,28.344799041748047
2021-06-05 20:20:18.786289,1390,Szczecin,620,5,12:45:11,1,43.226768493652344
2021-06-05 20:20:18.801616,1391,Radom,516,3,17:12:36,0,49.75
2021-06-05 20:20:18.852503,1392,Gdynia,360,1,15:28:38,1,51.61838150024414
2021-06-05 20:20:18.866889,1393,Mielec,360,2,23:42:12,0,58.75
2021-06-05 20:20:18.922966,1394,Gdynia,620,5,20:39:54,1,44.087650299072266
2021-06-05 20:20:18.929939,1395,Mielec,620,3,16:54:07,0,56.75
2021-06-05 20:20:18.951831,1396,Warszawa,360,2,03:56:46,0,51.5
2021-06-05 20:20:19.016657,1397,Gdynia,620,3,04:16:26,1,45.631752014160156
2021-06-05 20:20:19.035706,1398,Kutno,516,1,20:58:25,0,39.0
2021-06-05 20:20:19.090553,1399,Warszawa,360,6,16:33:26,1,37.918617248535156
2021-06-05 20:20:19.105738,1400,Police,516,3,14:53:31,0,30.25
2021-06-05 20:20:19.156562,1401,Szczecin,360,5,15:58:28,1,42.69630432128906
2021-06-05 20:20:19.217511,1402,Warszawa,360,6,15:53:07,1,37.9871711730957
2021-06-05 20:20:19.235459,1403,Warszawa,620,2,17:31:46,0,45.5
2021-06-05 20:20:19.249630,1404,Szczecin,620,3,11:35:00,0,33.25
2021-06-05 20:20:19.256566,1405,Kutno,516,1,15:43:40,0,39.0
2021-06-05 20:20:19.269533,1406,Szczecin,620,3,13:41:26,0,33.25
2021-06-05 20:20:19.279555,1407,Szczecin,360,2,10:54:28,0,35.5
2021-06-05 20:20:19.343388,1408,Gdynia,516,2,08:13:25,1,43.34760284423828
2021-06-05 20:20:19.403379,1409,Szczecin,360,4,11:54:58,1,32.88713073730469
2021-06-05 20:20:19.418362,1410,Warszawa,360,5,20:25:03,0,59.75
2021-06-05 20:20:19.471671,1411,Gdynia,360,3,17:40:44,1,54.05655288696289
2021-06-05 20:20:19.488009,1412,Warszawa,620,6,10:42:40,0,45.75
2021-06-05 20:20:19.542347,1413,Radom,360,0,00:31:29,1,42.05638885498047
2021-06-05 20:20:19.557605,1414,Police,360,4,19:24:40,0,45.25
2021-06-05 20:20:19.569443,1415,Warszawa,360,6,04:33:33,0,51.75
2021-06-05 20:20:19.579381,1416,Gdynia,516,5,13:53:04,0,38.75
2021-06-05 20:20:19.600491,1417,Police,360,5,06:06:35,0,43.75
2021-06-05 20:20:19.654553,1418,Radom,516,6,22:26:16,1,27.697288513183594
2021-06-05 20:20:19.714490,1419,Mielec,516,3,06:40:20,1,92.20570373535156
2021-06-05 20:20:19.726499,1420,Police,516,6,13:49:12,0,27.0
2021-06-05 20:20:19.779317,1421,Mielec,620,5,01:22:21,1,75.58235168457031
2021-06-05 20:20:19.798696,1422,Gdynia,516,1,19:54:48,0,29.25
2021-06-05 20:20:19.860774,1423,Police,620,1,19:24:45,1,24.074668884277344
2021-06-05 20:20:19.874961,1424,Radom,516,2,03:08:42,0,46.5
2021-06-05 20:20:19.929815,1425,Kutno,360,0,08:30:52,1,44.695037841796875
2021-06-05 20:20:19.955757,1426,Mielec,620,0,06:12:38,0,54.0
2021-06-05 20:20:20.012595,1427,Kutno,360,3,12:36:03,1,47.57382583618164
2021-06-05 20:20:20.031654,1428,Police,620,5,20:52:08,0,37.75
2021-06-05 20:20:20.047837,1429,Kutno,620,6,18:44:48,0,42.75
2021-06-05 20:20:20.058850,1430,Gdynia,360,3,04:51:02,0,42.25
2021-06-05 20:20:20.108901,1431,Szczecin,516,1,19:43:35,1,26.94734764099121
2021-06-05 20:20:20.122915,1432,Gdynia,620,4,11:50:36,0,43.0
2021-06-05 20:20:20.178291,1433,Szczecin,360,4,00:27:46,1,30.98249053955078
2021-06-05 20:20:20.236322,1434,Police,516,4,18:49:35,1,30.55891227722168
2021-06-05 20:20:20.251250,1435,Police,620,5,01:09:01,0,38.0
2021-06-05 20:20:20.304428,1436,Kutno,620,3,08:28:50,1,46.580322265625
2021-06-05 20:20:20.373345,1437,Warszawa,360,2,17:47:15,1,37.99562454223633
2021-06-05 20:20:20.436946,1438,Kutno,360,6,09:12:56,1,47.603153228759766
2021-06-05 20:20:20.501181,1439,Warszawa,516,6,13:38:02,1,26.167922973632812
2021-06-05 20:20:20.520099,1440,Konin,516,3,06:22:43,0,42.0
2021-06-05 20:20:20.580780,1441,Konin,516,4,07:15:53,1,63.90343475341797
2021-06-05 20:20:20.595476,1442,Szczecin,360,2,23:53:04,0,35.25
2021-06-05 20:20:20.648343,1443,Szczecin,620,1,20:04:56,1,24.073930740356445
2021-06-05 20:20:20.662510,1444,Konin,516,0,03:26:23,0,39.0
2021-06-05 20:20:20.716303,1445,Gdynia,620,3,12:29:56,1,46.446834564208984
2021-06-05 20:20:20.738720,1446,Konin,516,5,09:29:19,0,46.75
2021-06-05 20:20:20.754686,1447,Radom,620,5,02:47:37,0,57.5
2021-06-05 20:20:20.810558,1448,Konin,620,6,08:33:46,1,49.04054641723633
2021-06-05 20:20:20.868302,1449,Radom,516,3,02:32:27,1,30.3011417388916
2021-06-05 20:20:20.883417,1450,Police,516,5,02:02:26,0,35.5
2021-06-05 20:20:20.891379,1451,Mielec,620,4,12:39:53,0,63.5
2021-06-05 20:20:20.955208,1452,Gdynia,516,4,10:33:33,1,53.809669494628906
2021-06-05 20:20:21.012914,1453,Szczecin,516,5,11:06:45,1,42.04001998901367
2021-06-05 20:20:21.027077,1454,Mielec,360,6,05:43:54,0,59.5
2021-06-05 20:20:21.044349,1455,Gdynia,516,3,13:10:36,0,33.75
2021-06-05 20:20:21.103922,1456,Szczecin,360,6,17:12:47,1,29.79593849182129
2021-06-05 20:20:21.119187,1457,Mielec,516,0,01:12:30,0,51.5
